ISO-10303-21;
HEADER;
/* Generated by software containing ST-Developer
 * from STEP Tools, Inc. (www.steptools.com) 
 */

FILE_DESCRIPTION(
/* description */ (''),
/* implementation_level */ '2;1');

FILE_NAME(
/* name */ 'realtop.step',
/* time_stamp */ '2025-07-21T06:44:21-05:00',
/* author */ (''),
/* organization */ (''),
/* preprocessor_version */ 'ST-DEVELOPER v20.1',
/* originating_system */ 'Autodesk Translation Framework v14.10.0.0',
/* authorisation */ '');

FILE_SCHEMA (('AUTOMOTIVE_DESIGN { 1 0 10303 214 3 1 1 }'));
ENDSEC;

DATA;
#10=MECHANICAL_DESIGN_GEOMETRIC_PRESENTATION_REPRESENTATION('',(#13),#3699);
#11=SHAPE_REPRESENTATION_RELATIONSHIP('SRR','None',#3706,#12);
#12=ADVANCED_BREP_SHAPE_REPRESENTATION('',(#14),#3698);
#13=STYLED_ITEM('',(#3715),#14);
#14=MANIFOLD_SOLID_BREP('Body1',#2188);
#15=B_SPLINE_CURVE_WITH_KNOTS('',3,(#3348,#3349,#3350,#3351,#3352,#3353,
#3354,#3355,#3356,#3357,#3358,#3359),.UNSPECIFIED.,.F.,.F.,(4,2,2,2,2,4),
(0.249687191812539,0.334425000537415,0.419162809262292,0.478559372073785,
0.508257653479531,0.537955934885277),.UNSPECIFIED.);
#16=FACE_BOUND('',#285,.T.);
#17=FACE_BOUND('',#290,.T.);
#18=FACE_BOUND('',#307,.T.);
#19=FACE_BOUND('',#308,.T.);
#20=FACE_BOUND('',#328,.T.);
#21=FACE_BOUND('',#330,.T.);
#22=FACE_BOUND('',#335,.T.);
#23=FACE_BOUND('',#380,.T.);
#24=FACE_BOUND('',#381,.T.);
#25=CIRCLE('',#2204,10.0000000000165);
#26=CIRCLE('',#2205,10.0000000000165);
#27=CIRCLE('',#2207,0.999999999999996);
#28=CIRCLE('',#2208,4.66571254513882);
#29=CIRCLE('',#2209,4.665676758074);
#30=CIRCLE('',#2210,8.66567675807399);
#31=CIRCLE('',#2211,8.66571254513882);
#32=CIRCLE('',#2212,8.66773690133718);
#33=CIRCLE('',#2213,8.66555842508378);
#34=CIRCLE('',#2214,6.99999999998596);
#35=CIRCLE('',#2215,4.66555842508378);
#36=CIRCLE('',#2216,4.66773690133719);
#37=CIRCLE('',#2217,0.999999999999996);
#38=CIRCLE('',#2218,10.0000000000153);
#39=CIRCLE('',#2220,10.0000000000153);
#40=CIRCLE('',#2221,2.95);
#41=CIRCLE('',#2223,2.95);
#42=CIRCLE('',#2224,2.95);
#43=CIRCLE('',#2226,10.0000000000153);
#44=CIRCLE('',#2227,10.0000000000153);
#45=CIRCLE('',#2228,10.0000000000153);
#46=CIRCLE('',#2231,0.999999999999996);
#47=CIRCLE('',#2232,0.999999999999996);
#48=CIRCLE('',#2235,0.999999999999996);
#49=CIRCLE('',#2236,0.999999999999996);
#50=CIRCLE('',#2239,0.999999999999996);
#51=CIRCLE('',#2240,0.999999999999996);
#52=CIRCLE('',#2243,0.999999999999996);
#53=CIRCLE('',#2244,0.999999999999996);
#54=CIRCLE('',#2246,10.0000000000153);
#55=CIRCLE('',#2248,10.0000000000165);
#56=CIRCLE('',#2249,4.66773690133719);
#57=CIRCLE('',#2250,4.66555842508378);
#58=CIRCLE('',#2251,6.99999999998596);
#59=CIRCLE('',#2252,7.00000000000005);
#60=CIRCLE('',#2253,6.99999999999998);
#61=CIRCLE('',#2254,2.95);
#62=CIRCLE('',#2255,7.00000000000179);
#63=CIRCLE('',#2256,4.665676758074);
#64=CIRCLE('',#2257,4.66571254513882);
#65=CIRCLE('',#2258,2.95);
#66=CIRCLE('',#2259,2.95);
#67=CIRCLE('',#2261,1.225);
#68=CIRCLE('',#2262,1.225);
#69=CIRCLE('',#2265,1.6);
#70=CIRCLE('',#2266,1.6);
#71=CIRCLE('',#2269,1.225);
#72=CIRCLE('',#2271,1.225);
#73=CIRCLE('',#2278,8.66555842508378);
#74=CIRCLE('',#2281,1.5);
#75=CIRCLE('',#2282,1.5);
#76=CIRCLE('',#2284,1.50000000000001);
#77=CIRCLE('',#2290,8.66571254513882);
#78=CIRCLE('',#2291,6.99999999999999);
#79=CIRCLE('',#2292,6.99999999999552);
#80=CIRCLE('',#2293,8.66555842508378);
#81=CIRCLE('',#2294,8.66773690133718);
#82=CIRCLE('',#2298,10.0000000000165);
#83=CIRCLE('',#2312,7.00000000000179);
#84=CIRCLE('',#2313,7.00000000000179);
#85=CIRCLE('',#2317,2.95);
#86=CIRCLE('',#2320,2.95);
#87=CIRCLE('',#2324,3.99999999998466);
#88=CIRCLE('',#2325,6.99999999998596);
#89=CIRCLE('',#2326,6.99999999999998);
#90=CIRCLE('',#2327,7.00000000000005);
#91=CIRCLE('',#2328,4.00000000000001);
#92=CIRCLE('',#2329,3.99999999999996);
#93=CIRCLE('',#2330,4.00000000000474);
#94=CIRCLE('',#2331,0.999999999999988);
#95=CIRCLE('',#2332,0.999999999999992);
#96=CIRCLE('',#2333,0.999999999999988);
#97=CIRCLE('',#2334,0.999999999999988);
#98=CIRCLE('',#2337,0.999999999999992);
#99=CIRCLE('',#2340,0.999999999999988);
#100=CIRCLE('',#2342,3.99999999998466);
#101=CIRCLE('',#2343,3.99999999998466);
#102=CIRCLE('',#2346,7.00000000000005);
#103=CIRCLE('',#2354,8.66567675807399);
#104=CIRCLE('',#2355,8.66567675807399);
#105=CIRCLE('',#2356,8.665676758074);
#106=CIRCLE('',#2357,8.66567675807399);
#107=CIRCLE('',#2360,8.66555842508378);
#108=CIRCLE('',#2361,8.66555842508379);
#109=CIRCLE('',#2362,8.66555842508378);
#110=CIRCLE('',#2372,6.99999999999999);
#111=CIRCLE('',#2381,7.);
#112=CIRCLE('',#2385,6.99999999999551);
#113=CIRCLE('',#2387,3.99999999999996);
#114=CIRCLE('',#2392,4.00000000000474);
#115=CIRCLE('',#2395,4.00000000000001);
#116=CIRCLE('',#2397,0.999999999999988);
#117=CIRCLE('',#2398,0.999999999999988);
#118=CIRCLE('',#2399,4.00000000000001);
#119=CYLINDRICAL_SURFACE('',#2203,10.0000000000165);
#120=CYLINDRICAL_SURFACE('',#2222,2.95);
#121=CYLINDRICAL_SURFACE('',#2225,10.0000000000153);
#122=CYLINDRICAL_SURFACE('',#2230,0.999999999999996);
#123=CYLINDRICAL_SURFACE('',#2234,0.999999999999996);
#124=CYLINDRICAL_SURFACE('',#2238,0.999999999999996);
#125=CYLINDRICAL_SURFACE('',#2242,0.999999999999996);
#126=CYLINDRICAL_SURFACE('',#2260,1.225);
#127=CYLINDRICAL_SURFACE('',#2264,1.6);
#128=CYLINDRICAL_SURFACE('',#2270,1.225);
#129=CYLINDRICAL_SURFACE('',#2280,1.5);
#130=CYLINDRICAL_SURFACE('',#2283,1.50000000000001);
#131=CYLINDRICAL_SURFACE('',#2297,10.0000000000165);
#132=CYLINDRICAL_SURFACE('',#2299,10.0000000000153);
#133=CYLINDRICAL_SURFACE('',#2301,4.66773690133719);
#134=CYLINDRICAL_SURFACE('',#2303,4.66555842508378);
#135=CYLINDRICAL_SURFACE('',#2306,4.665676758074);
#136=CYLINDRICAL_SURFACE('',#2309,4.66571254513882);
#137=CYLINDRICAL_SURFACE('',#2311,7.00000000000179);
#138=CYLINDRICAL_SURFACE('',#2321,2.95);
#139=CYLINDRICAL_SURFACE('',#2336,0.999999999999992);
#140=CYLINDRICAL_SURFACE('',#2339,0.999999999999988);
#141=CYLINDRICAL_SURFACE('',#2341,3.99999999998466);
#142=CYLINDRICAL_SURFACE('',#2345,7.00000000000005);
#143=CYLINDRICAL_SURFACE('',#2348,6.99999999999998);
#144=CYLINDRICAL_SURFACE('',#2349,6.99999999998596);
#145=CYLINDRICAL_SURFACE('',#2350,2.95);
#146=CYLINDRICAL_SURFACE('',#2353,8.66567675807399);
#147=CYLINDRICAL_SURFACE('',#2359,8.66555842508378);
#148=CYLINDRICAL_SURFACE('',#2363,8.66571254513882);
#149=CYLINDRICAL_SURFACE('',#2366,8.66773690133718);
#150=CYLINDRICAL_SURFACE('',#2368,2.95);
#151=CYLINDRICAL_SURFACE('',#2380,6.99999999999999);
#152=CYLINDRICAL_SURFACE('',#2384,6.99999999999552);
#153=CYLINDRICAL_SURFACE('',#2386,3.99999999999996);
#154=CYLINDRICAL_SURFACE('',#2391,4.00000000000474);
#155=CYLINDRICAL_SURFACE('',#2402,4.00000000000001);
#156=CYLINDRICAL_SURFACE('',#2403,0.999999999999988);
#157=CYLINDRICAL_SURFACE('',#2405,0.999999999999988);
#158=FACE_OUTER_BOUND('',#269,.T.);
#159=FACE_OUTER_BOUND('',#270,.T.);
#160=FACE_OUTER_BOUND('',#271,.T.);
#161=FACE_OUTER_BOUND('',#272,.T.);
#162=FACE_OUTER_BOUND('',#273,.T.);
#163=FACE_OUTER_BOUND('',#274,.T.);
#164=FACE_OUTER_BOUND('',#275,.T.);
#165=FACE_OUTER_BOUND('',#276,.T.);
#166=FACE_OUTER_BOUND('',#277,.T.);
#167=FACE_OUTER_BOUND('',#278,.T.);
#168=FACE_OUTER_BOUND('',#279,.T.);
#169=FACE_OUTER_BOUND('',#280,.T.);
#170=FACE_OUTER_BOUND('',#281,.T.);
#171=FACE_OUTER_BOUND('',#282,.T.);
#172=FACE_OUTER_BOUND('',#283,.T.);
#173=FACE_OUTER_BOUND('',#284,.T.);
#174=FACE_OUTER_BOUND('',#286,.T.);
#175=FACE_OUTER_BOUND('',#287,.T.);
#176=FACE_OUTER_BOUND('',#288,.T.);
#177=FACE_OUTER_BOUND('',#289,.T.);
#178=FACE_OUTER_BOUND('',#291,.T.);
#179=FACE_OUTER_BOUND('',#292,.T.);
#180=FACE_OUTER_BOUND('',#293,.T.);
#181=FACE_OUTER_BOUND('',#294,.T.);
#182=FACE_OUTER_BOUND('',#295,.T.);
#183=FACE_OUTER_BOUND('',#296,.T.);
#184=FACE_OUTER_BOUND('',#297,.T.);
#185=FACE_OUTER_BOUND('',#298,.T.);
#186=FACE_OUTER_BOUND('',#299,.T.);
#187=FACE_OUTER_BOUND('',#300,.T.);
#188=FACE_OUTER_BOUND('',#301,.T.);
#189=FACE_OUTER_BOUND('',#302,.T.);
#190=FACE_OUTER_BOUND('',#303,.T.);
#191=FACE_OUTER_BOUND('',#304,.T.);
#192=FACE_OUTER_BOUND('',#305,.T.);
#193=FACE_OUTER_BOUND('',#306,.T.);
#194=FACE_OUTER_BOUND('',#309,.T.);
#195=FACE_OUTER_BOUND('',#310,.T.);
#196=FACE_OUTER_BOUND('',#311,.T.);
#197=FACE_OUTER_BOUND('',#312,.T.);
#198=FACE_OUTER_BOUND('',#313,.T.);
#199=FACE_OUTER_BOUND('',#314,.T.);
#200=FACE_OUTER_BOUND('',#315,.T.);
#201=FACE_OUTER_BOUND('',#316,.T.);
#202=FACE_OUTER_BOUND('',#317,.T.);
#203=FACE_OUTER_BOUND('',#318,.T.);
#204=FACE_OUTER_BOUND('',#319,.T.);
#205=FACE_OUTER_BOUND('',#320,.T.);
#206=FACE_OUTER_BOUND('',#321,.T.);
#207=FACE_OUTER_BOUND('',#322,.T.);
#208=FACE_OUTER_BOUND('',#323,.T.);
#209=FACE_OUTER_BOUND('',#324,.T.);
#210=FACE_OUTER_BOUND('',#325,.T.);
#211=FACE_OUTER_BOUND('',#326,.T.);
#212=FACE_OUTER_BOUND('',#327,.T.);
#213=FACE_OUTER_BOUND('',#329,.T.);
#214=FACE_OUTER_BOUND('',#331,.T.);
#215=FACE_OUTER_BOUND('',#332,.T.);
#216=FACE_OUTER_BOUND('',#333,.T.);
#217=FACE_OUTER_BOUND('',#334,.T.);
#218=FACE_OUTER_BOUND('',#336,.T.);
#219=FACE_OUTER_BOUND('',#337,.T.);
#220=FACE_OUTER_BOUND('',#338,.T.);
#221=FACE_OUTER_BOUND('',#339,.T.);
#222=FACE_OUTER_BOUND('',#340,.T.);
#223=FACE_OUTER_BOUND('',#341,.T.);
#224=FACE_OUTER_BOUND('',#342,.T.);
#225=FACE_OUTER_BOUND('',#343,.T.);
#226=FACE_OUTER_BOUND('',#344,.T.);
#227=FACE_OUTER_BOUND('',#345,.T.);
#228=FACE_OUTER_BOUND('',#346,.T.);
#229=FACE_OUTER_BOUND('',#347,.T.);
#230=FACE_OUTER_BOUND('',#348,.T.);
#231=FACE_OUTER_BOUND('',#349,.T.);
#232=FACE_OUTER_BOUND('',#350,.T.);
#233=FACE_OUTER_BOUND('',#351,.T.);
#234=FACE_OUTER_BOUND('',#352,.T.);
#235=FACE_OUTER_BOUND('',#353,.T.);
#236=FACE_OUTER_BOUND('',#354,.T.);
#237=FACE_OUTER_BOUND('',#355,.T.);
#238=FACE_OUTER_BOUND('',#356,.T.);
#239=FACE_OUTER_BOUND('',#357,.T.);
#240=FACE_OUTER_BOUND('',#358,.T.);
#241=FACE_OUTER_BOUND('',#359,.T.);
#242=FACE_OUTER_BOUND('',#360,.T.);
#243=FACE_OUTER_BOUND('',#361,.T.);
#244=FACE_OUTER_BOUND('',#362,.T.);
#245=FACE_OUTER_BOUND('',#363,.T.);
#246=FACE_OUTER_BOUND('',#364,.T.);
#247=FACE_OUTER_BOUND('',#365,.T.);
#248=FACE_OUTER_BOUND('',#366,.T.);
#249=FACE_OUTER_BOUND('',#367,.T.);
#250=FACE_OUTER_BOUND('',#368,.T.);
#251=FACE_OUTER_BOUND('',#369,.T.);
#252=FACE_OUTER_BOUND('',#370,.T.);
#253=FACE_OUTER_BOUND('',#371,.T.);
#254=FACE_OUTER_BOUND('',#372,.T.);
#255=FACE_OUTER_BOUND('',#373,.T.);
#256=FACE_OUTER_BOUND('',#374,.T.);
#257=FACE_OUTER_BOUND('',#375,.T.);
#258=FACE_OUTER_BOUND('',#376,.T.);
#259=FACE_OUTER_BOUND('',#377,.T.);
#260=FACE_OUTER_BOUND('',#378,.T.);
#261=FACE_OUTER_BOUND('',#379,.T.);
#262=FACE_OUTER_BOUND('',#382,.T.);
#263=FACE_OUTER_BOUND('',#383,.T.);
#264=FACE_OUTER_BOUND('',#384,.T.);
#265=FACE_OUTER_BOUND('',#385,.T.);
#266=FACE_OUTER_BOUND('',#386,.T.);
#267=FACE_OUTER_BOUND('',#387,.T.);
#268=FACE_OUTER_BOUND('',#388,.T.);
#269=EDGE_LOOP('',(#1367,#1368,#1369,#1370));
#270=EDGE_LOOP('',(#1371,#1372,#1373,#1374));
#271=EDGE_LOOP('',(#1375,#1376,#1377,#1378,#1379,#1380,#1381,#1382,#1383,
#1384,#1385,#1386,#1387,#1388,#1389,#1390,#1391,#1392,#1393,#1394,#1395,
#1396,#1397,#1398,#1399,#1400,#1401,#1402,#1403,#1404,#1405,#1406,#1407,
#1408,#1409,#1410,#1411,#1412));
#272=EDGE_LOOP('',(#1413,#1414,#1415));
#273=EDGE_LOOP('',(#1416,#1417,#1418,#1419));
#274=EDGE_LOOP('',(#1420,#1421,#1422,#1423,#1424,#1425,#1426,#1427));
#275=EDGE_LOOP('',(#1428,#1429,#1430,#1431,#1432,#1433,#1434,#1435));
#276=EDGE_LOOP('',(#1436,#1437,#1438,#1439));
#277=EDGE_LOOP('',(#1440,#1441,#1442,#1443));
#278=EDGE_LOOP('',(#1444,#1445,#1446,#1447));
#279=EDGE_LOOP('',(#1448,#1449,#1450,#1451,#1452,#1453,#1454,#1455));
#280=EDGE_LOOP('',(#1456,#1457,#1458,#1459,#1460,#1461));
#281=EDGE_LOOP('',(#1462,#1463,#1464,#1465,#1466,#1467,#1468,#1469));
#282=EDGE_LOOP('',(#1470,#1471,#1472,#1473,#1474,#1475));
#283=EDGE_LOOP('',(#1476,#1477,#1478,#1479));
#284=EDGE_LOOP('',(#1480,#1481,#1482,#1483,#1484,#1485,#1486,#1487,#1488,
#1489,#1490,#1491,#1492,#1493,#1494,#1495,#1496,#1497,#1498,#1499,#1500,
#1501,#1502,#1503,#1504,#1505,#1506,#1507,#1508,#1509,#1510,#1511,#1512,
#1513,#1514,#1515,#1516,#1517,#1518));
#285=EDGE_LOOP('',(#1519));
#286=EDGE_LOOP('',(#1520,#1521,#1522,#1523));
#287=EDGE_LOOP('',(#1524));
#288=EDGE_LOOP('',(#1525,#1526,#1527,#1528));
#289=EDGE_LOOP('',(#1529));
#290=EDGE_LOOP('',(#1530));
#291=EDGE_LOOP('',(#1531));
#292=EDGE_LOOP('',(#1532,#1533,#1534,#1535));
#293=EDGE_LOOP('',(#1536,#1537,#1538,#1539));
#294=EDGE_LOOP('',(#1540,#1541,#1542,#1543));
#295=EDGE_LOOP('',(#1544,#1545,#1546,#1547,#1548));
#296=EDGE_LOOP('',(#1549,#1550,#1551,#1552,#1553,#1554,#1555,#1556));
#297=EDGE_LOOP('',(#1557,#1558,#1559,#1560,#1561,#1562));
#298=EDGE_LOOP('',(#1563,#1564,#1565,#1566,#1567));
#299=EDGE_LOOP('',(#1568,#1569,#1570,#1571));
#300=EDGE_LOOP('',(#1572,#1573,#1574,#1575));
#301=EDGE_LOOP('',(#1576,#1577,#1578,#1579));
#302=EDGE_LOOP('',(#1580,#1581,#1582,#1583));
#303=EDGE_LOOP('',(#1584,#1585,#1586,#1587,#1588,#1589,#1590));
#304=EDGE_LOOP('',(#1591,#1592,#1593,#1594,#1595,#1596,#1597,#1598,#1599,
#1600,#1601,#1602,#1603,#1604,#1605));
#305=EDGE_LOOP('',(#1606,#1607,#1608,#1609));
#306=EDGE_LOOP('',(#1610,#1611,#1612,#1613,#1614,#1615,#1616,#1617,#1618,
#1619,#1620));
#307=EDGE_LOOP('',(#1621,#1622,#1623,#1624,#1625,#1626,#1627,#1628));
#308=EDGE_LOOP('',(#1629,#1630,#1631));
#309=EDGE_LOOP('',(#1632,#1633,#1634,#1635));
#310=EDGE_LOOP('',(#1636,#1637,#1638,#1639));
#311=EDGE_LOOP('',(#1640,#1641,#1642,#1643));
#312=EDGE_LOOP('',(#1644,#1645,#1646,#1647));
#313=EDGE_LOOP('',(#1648,#1649,#1650,#1651));
#314=EDGE_LOOP('',(#1652,#1653,#1654,#1655));
#315=EDGE_LOOP('',(#1656,#1657,#1658,#1659));
#316=EDGE_LOOP('',(#1660,#1661,#1662,#1663));
#317=EDGE_LOOP('',(#1664,#1665,#1666,#1667));
#318=EDGE_LOOP('',(#1668,#1669,#1670,#1671));
#319=EDGE_LOOP('',(#1672,#1673,#1674,#1675));
#320=EDGE_LOOP('',(#1676,#1677,#1678,#1679));
#321=EDGE_LOOP('',(#1680,#1681,#1682,#1683));
#322=EDGE_LOOP('',(#1684,#1685,#1686,#1687));
#323=EDGE_LOOP('',(#1688,#1689,#1690,#1691));
#324=EDGE_LOOP('',(#1692,#1693,#1694,#1695,#1696,#1697,#1698));
#325=EDGE_LOOP('',(#1699,#1700,#1701,#1702,#1703));
#326=EDGE_LOOP('',(#1704,#1705,#1706,#1707));
#327=EDGE_LOOP('',(#1708,#1709));
#328=EDGE_LOOP('',(#1710));
#329=EDGE_LOOP('',(#1711,#1712,#1713));
#330=EDGE_LOOP('',(#1714));
#331=EDGE_LOOP('',(#1715));
#332=EDGE_LOOP('',(#1716,#1717,#1718,#1719));
#333=EDGE_LOOP('',(#1720,#1721,#1722,#1723,#1724,#1725,#1726,#1727));
#334=EDGE_LOOP('',(#1728,#1729,#1730,#1731,#1732,#1733,#1734,#1735,#1736,
#1737,#1738,#1739,#1740,#1741,#1742));
#335=EDGE_LOOP('',(#1743,#1744,#1745,#1746,#1747,#1748,#1749,#1750));
#336=EDGE_LOOP('',(#1751,#1752,#1753,#1754));
#337=EDGE_LOOP('',(#1755,#1756,#1757,#1758));
#338=EDGE_LOOP('',(#1759,#1760,#1761,#1762));
#339=EDGE_LOOP('',(#1763,#1764,#1765,#1766));
#340=EDGE_LOOP('',(#1767,#1768,#1769,#1770,#1771,#1772));
#341=EDGE_LOOP('',(#1773,#1774,#1775,#1776,#1777,#1778));
#342=EDGE_LOOP('',(#1779,#1780,#1781,#1782,#1783,#1784));
#343=EDGE_LOOP('',(#1785,#1786,#1787,#1788));
#344=EDGE_LOOP('',(#1789,#1790,#1791,#1792));
#345=EDGE_LOOP('',(#1793,#1794,#1795,#1796,#1797,#1798));
#346=EDGE_LOOP('',(#1799,#1800,#1801,#1802));
#347=EDGE_LOOP('',(#1803,#1804,#1805,#1806,#1807));
#348=EDGE_LOOP('',(#1808,#1809,#1810,#1811));
#349=EDGE_LOOP('',(#1812,#1813,#1814,#1815,#1816,#1817,#1818,#1819,#1820,
#1821));
#350=EDGE_LOOP('',(#1822,#1823,#1824,#1825));
#351=EDGE_LOOP('',(#1826,#1827,#1828,#1829,#1830,#1831,#1832,#1833,#1834,
#1835,#1836));
#352=EDGE_LOOP('',(#1837,#1838,#1839,#1840));
#353=EDGE_LOOP('',(#1841,#1842,#1843,#1844));
#354=EDGE_LOOP('',(#1845,#1846,#1847,#1848));
#355=EDGE_LOOP('',(#1849,#1850,#1851,#1852));
#356=EDGE_LOOP('',(#1853,#1854,#1855,#1856));
#357=EDGE_LOOP('',(#1857,#1858,#1859,#1860));
#358=EDGE_LOOP('',(#1861,#1862,#1863,#1864,#1865));
#359=EDGE_LOOP('',(#1866,#1867,#1868,#1869));
#360=EDGE_LOOP('',(#1870,#1871,#1872,#1873,#1874,#1875));
#361=EDGE_LOOP('',(#1876,#1877,#1878));
#362=EDGE_LOOP('',(#1879,#1880,#1881,#1882));
#363=EDGE_LOOP('',(#1883,#1884,#1885,#1886));
#364=EDGE_LOOP('',(#1887,#1888,#1889,#1890));
#365=EDGE_LOOP('',(#1891,#1892,#1893,#1894));
#366=EDGE_LOOP('',(#1895,#1896,#1897));
#367=EDGE_LOOP('',(#1898,#1899,#1900));
#368=EDGE_LOOP('',(#1901,#1902,#1903,#1904,#1905));
#369=EDGE_LOOP('',(#1906,#1907,#1908,#1909));
#370=EDGE_LOOP('',(#1910,#1911,#1912,#1913));
#371=EDGE_LOOP('',(#1914,#1915,#1916,#1917));
#372=EDGE_LOOP('',(#1918,#1919,#1920,#1921));
#373=EDGE_LOOP('',(#1922,#1923,#1924,#1925));
#374=EDGE_LOOP('',(#1926,#1927,#1928,#1929));
#375=EDGE_LOOP('',(#1930,#1931,#1932,#1933));
#376=EDGE_LOOP('',(#1934,#1935,#1936,#1937));
#377=EDGE_LOOP('',(#1938,#1939,#1940,#1941));
#378=EDGE_LOOP('',(#1942,#1943,#1944,#1945,#1946));
#379=EDGE_LOOP('',(#1947,#1948,#1949,#1950,#1951,#1952,#1953,#1954,#1955,
#1956,#1957,#1958));
#380=EDGE_LOOP('',(#1959,#1960,#1961,#1962,#1963,#1964,#1965,#1966));
#381=EDGE_LOOP('',(#1967,#1968,#1969,#1970,#1971,#1972,#1973,#1974));
#382=EDGE_LOOP('',(#1975,#1976,#1977,#1978));
#383=EDGE_LOOP('',(#1979,#1980,#1981,#1982));
#384=EDGE_LOOP('',(#1983,#1984,#1985,#1986,#1987,#1988));
#385=EDGE_LOOP('',(#1989,#1990,#1991,#1992));
#386=EDGE_LOOP('',(#1993,#1994,#1995,#1996));
#387=EDGE_LOOP('',(#1997,#1998,#1999,#2000));
#388=EDGE_LOOP('',(#2001,#2002,#2003,#2004));
#389=LINE('',#3047,#613);
#390=LINE('',#3049,#614);
#391=LINE('',#3051,#615);
#392=LINE('',#3052,#616);
#393=LINE('',#3056,#617);
#394=LINE('',#3060,#618);
#395=LINE('',#3065,#619);
#396=LINE('',#3068,#620);
#397=LINE('',#3072,#621);
#398=LINE('',#3074,#622);
#399=LINE('',#3078,#623);
#400=LINE('',#3080,#624);
#401=LINE('',#3082,#625);
#402=LINE('',#3084,#626);
#403=LINE('',#3086,#627);
#404=LINE('',#3090,#628);
#405=LINE('',#3092,#629);
#406=LINE('',#3096,#630);
#407=LINE('',#3098,#631);
#408=LINE('',#3102,#632);
#409=LINE('',#3106,#633);
#410=LINE('',#3108,#634);
#411=LINE('',#3110,#635);
#412=LINE('',#3112,#636);
#413=LINE('',#3116,#637);
#414=LINE('',#3118,#638);
#415=LINE('',#3122,#639);
#416=LINE('',#3126,#640);
#417=LINE('',#3129,#641);
#418=LINE('',#3131,#642);
#419=LINE('',#3136,#643);
#420=LINE('',#3143,#644);
#421=LINE('',#3147,#645);
#422=LINE('',#3151,#646);
#423=LINE('',#3155,#647);
#424=LINE('',#3159,#648);
#425=LINE('',#3162,#649);
#426=LINE('',#3166,#650);
#427=LINE('',#3168,#651);
#428=LINE('',#3170,#652);
#429=LINE('',#3172,#653);
#430=LINE('',#3173,#654);
#431=LINE('',#3174,#655);
#432=LINE('',#3180,#656);
#433=LINE('',#3183,#657);
#434=LINE('',#3185,#658);
#435=LINE('',#3186,#659);
#436=LINE('',#3192,#660);
#437=LINE('',#3195,#661);
#438=LINE('',#3197,#662);
#439=LINE('',#3199,#663);
#440=LINE('',#3200,#664);
#441=LINE('',#3202,#665);
#442=LINE('',#3203,#666);
#443=LINE('',#3209,#667);
#444=LINE('',#3210,#668);
#445=LINE('',#3213,#669);
#446=LINE('',#3214,#670);
#447=LINE('',#3216,#671);
#448=LINE('',#3217,#672);
#449=LINE('',#3224,#673);
#450=LINE('',#3228,#674);
#451=LINE('',#3232,#675);
#452=LINE('',#3236,#676);
#453=LINE('',#3238,#677);
#454=LINE('',#3242,#678);
#455=LINE('',#3246,#679);
#456=LINE('',#3250,#680);
#457=LINE('',#3254,#681);
#458=LINE('',#3258,#682);
#459=LINE('',#3260,#683);
#460=LINE('',#3264,#684);
#461=LINE('',#3266,#685);
#462=LINE('',#3269,#686);
#463=LINE('',#3272,#687);
#464=LINE('',#3273,#688);
#465=LINE('',#3280,#689);
#466=LINE('',#3287,#690);
#467=LINE('',#3295,#691);
#468=LINE('',#3300,#692);
#469=LINE('',#3302,#693);
#470=LINE('',#3304,#694);
#471=LINE('',#3305,#695);
#472=LINE('',#3307,#696);
#473=LINE('',#3308,#697);
#474=LINE('',#3311,#698);
#475=LINE('',#3312,#699);
#476=LINE('',#3314,#700);
#477=LINE('',#3316,#701);
#478=LINE('',#3318,#702);
#479=LINE('',#3319,#703);
#480=LINE('',#3323,#704);
#481=LINE('',#3325,#705);
#482=LINE('',#3326,#706);
#483=LINE('',#3328,#707);
#484=LINE('',#3329,#708);
#485=LINE('',#3332,#709);
#486=LINE('',#3334,#710);
#487=LINE('',#3337,#711);
#488=LINE('',#3339,#712);
#489=LINE('',#3345,#713);
#490=LINE('',#3361,#714);
#491=LINE('',#3364,#715);
#492=LINE('',#3367,#716);
#493=LINE('',#3369,#717);
#494=LINE('',#3371,#718);
#495=LINE('',#3372,#719);
#496=LINE('',#3374,#720);
#497=LINE('',#3376,#721);
#498=LINE('',#3378,#722);
#499=LINE('',#3380,#723);
#500=LINE('',#3382,#724);
#501=LINE('',#3384,#725);
#502=LINE('',#3386,#726);
#503=LINE('',#3388,#727);
#504=LINE('',#3389,#728);
#505=LINE('',#3392,#729);
#506=LINE('',#3393,#730);
#507=LINE('',#3397,#731);
#508=LINE('',#3399,#732);
#509=LINE('',#3403,#733);
#510=LINE('',#3407,#734);
#511=LINE('',#3411,#735);
#512=LINE('',#3415,#736);
#513=LINE('',#3417,#737);
#514=LINE('',#3420,#738);
#515=LINE('',#3425,#739);
#516=LINE('',#3427,#740);
#517=LINE('',#3429,#741);
#518=LINE('',#3431,#742);
#519=LINE('',#3433,#743);
#520=LINE('',#3435,#744);
#521=LINE('',#3437,#745);
#522=LINE('',#3439,#746);
#523=LINE('',#3441,#747);
#524=LINE('',#3443,#748);
#525=LINE('',#3447,#749);
#526=LINE('',#3453,#750);
#527=LINE('',#3454,#751);
#528=LINE('',#3459,#752);
#529=LINE('',#3465,#753);
#530=LINE('',#3466,#754);
#531=LINE('',#3469,#755);
#532=LINE('',#3470,#756);
#533=LINE('',#3476,#757);
#534=LINE('',#3481,#758);
#535=LINE('',#3487,#759);
#536=LINE('',#3491,#760);
#537=LINE('',#3494,#761);
#538=LINE('',#3497,#762);
#539=LINE('',#3501,#763);
#540=LINE('',#3505,#764);
#541=LINE('',#3509,#765);
#542=LINE('',#3513,#766);
#543=LINE('',#3515,#767);
#544=LINE('',#3516,#768);
#545=LINE('',#3519,#769);
#546=LINE('',#3523,#770);
#547=LINE('',#3524,#771);
#548=LINE('',#3527,#772);
#549=LINE('',#3531,#773);
#550=LINE('',#3533,#774);
#551=LINE('',#3537,#775);
#552=LINE('',#3540,#776);
#553=LINE('',#3542,#777);
#554=LINE('',#3543,#778);
#555=LINE('',#3547,#779);
#556=LINE('',#3548,#780);
#557=LINE('',#3550,#781);
#558=LINE('',#3554,#782);
#559=LINE('',#3557,#783);
#560=LINE('',#3558,#784);
#561=LINE('',#3559,#785);
#562=LINE('',#3562,#786);
#563=LINE('',#3563,#787);
#564=LINE('',#3569,#788);
#565=LINE('',#3571,#789);
#566=LINE('',#3575,#790);
#567=LINE('',#3578,#791);
#568=LINE('',#3580,#792);
#569=LINE('',#3584,#793);
#570=LINE('',#3588,#794);
#571=LINE('',#3590,#795);
#572=LINE('',#3593,#796);
#573=LINE('',#3595,#797);
#574=LINE('',#3597,#798);
#575=LINE('',#3599,#799);
#576=LINE('',#3604,#800);
#577=LINE('',#3606,#801);
#578=LINE('',#3608,#802);
#579=LINE('',#3609,#803);
#580=LINE('',#3613,#804);
#581=LINE('',#3615,#805);
#582=LINE('',#3617,#806);
#583=LINE('',#3618,#807);
#584=LINE('',#3620,#808);
#585=LINE('',#3623,#809);
#586=LINE('',#3625,#810);
#587=LINE('',#3627,#811);
#588=LINE('',#3631,#812);
#589=LINE('',#3633,#813);
#590=LINE('',#3634,#814);
#591=LINE('',#3636,#815);
#592=LINE('',#3638,#816);
#593=LINE('',#3642,#817);
#594=LINE('',#3644,#818);
#595=LINE('',#3649,#819);
#596=LINE('',#3652,#820);
#597=LINE('',#3655,#821);
#598=LINE('',#3656,#822);
#599=LINE('',#3659,#823);
#600=LINE('',#3661,#824);
#601=LINE('',#3662,#825);
#602=LINE('',#3665,#826);
#603=LINE('',#3666,#827);
#604=LINE('',#3669,#828);
#605=LINE('',#3672,#829);
#606=LINE('',#3676,#830);
#607=LINE('',#3677,#831);
#608=LINE('',#3679,#832);
#609=LINE('',#3683,#833);
#610=LINE('',#3690,#834);
#611=LINE('',#3691,#835);
#612=LINE('',#3693,#836);
#613=VECTOR('',#2411,10.);
#614=VECTOR('',#2412,10.);
#615=VECTOR('',#2413,10.);
#616=VECTOR('',#2414,10.);
#617=VECTOR('',#2417,10.);
#618=VECTOR('',#2420,10.);
#619=VECTOR('',#2425,10.);
#620=VECTOR('',#2428,10.);
#621=VECTOR('',#2431,10.);
#622=VECTOR('',#2432,10.);
#623=VECTOR('',#2435,10.);
#624=VECTOR('',#2436,10.);
#625=VECTOR('',#2437,10.);
#626=VECTOR('',#2438,10.);
#627=VECTOR('',#2439,10.);
#628=VECTOR('',#2442,10.);
#629=VECTOR('',#2443,10.);
#630=VECTOR('',#2446,10.);
#631=VECTOR('',#2447,10.);
#632=VECTOR('',#2450,10.);
#633=VECTOR('',#2453,10.);
#634=VECTOR('',#2454,10.);
#635=VECTOR('',#2455,10.);
#636=VECTOR('',#2456,10.);
#637=VECTOR('',#2459,10.);
#638=VECTOR('',#2460,10.);
#639=VECTOR('',#2463,10.);
#640=VECTOR('',#2466,10.);
#641=VECTOR('',#2469,10.);
#642=VECTOR('',#2470,10.);
#643=VECTOR('',#2475,10.);
#644=VECTOR('',#2482,10.);
#645=VECTOR('',#2485,10.);
#646=VECTOR('',#2490,10.);
#647=VECTOR('',#2493,10.);
#648=VECTOR('',#2496,10.);
#649=VECTOR('',#2499,10.);
#650=VECTOR('',#2502,10.);
#651=VECTOR('',#2503,10.);
#652=VECTOR('',#2504,10.);
#653=VECTOR('',#2505,10.);
#654=VECTOR('',#2506,10.);
#655=VECTOR('',#2507,10.);
#656=VECTOR('',#2514,10.);
#657=VECTOR('',#2517,10.);
#658=VECTOR('',#2518,10.);
#659=VECTOR('',#2519,10.);
#660=VECTOR('',#2526,10.);
#661=VECTOR('',#2529,10.);
#662=VECTOR('',#2530,10.);
#663=VECTOR('',#2531,10.);
#664=VECTOR('',#2532,10.);
#665=VECTOR('',#2533,10.);
#666=VECTOR('',#2534,10.);
#667=VECTOR('',#2541,10.);
#668=VECTOR('',#2542,10.);
#669=VECTOR('',#2545,10.);
#670=VECTOR('',#2546,10.);
#671=VECTOR('',#2547,10.);
#672=VECTOR('',#2548,10.);
#673=VECTOR('',#2559,10.);
#674=VECTOR('',#2564,10.);
#675=VECTOR('',#2567,10.);
#676=VECTOR('',#2570,10.);
#677=VECTOR('',#2571,10.);
#678=VECTOR('',#2574,10.);
#679=VECTOR('',#2577,10.);
#680=VECTOR('',#2580,10.);
#681=VECTOR('',#2583,10.);
#682=VECTOR('',#2586,10.);
#683=VECTOR('',#2587,10.);
#684=VECTOR('',#2590,10.);
#685=VECTOR('',#2591,10.);
#686=VECTOR('',#2594,10.);
#687=VECTOR('',#2597,10.);
#688=VECTOR('',#2598,10.);
#689=VECTOR('',#2605,1.225);
#690=VECTOR('',#2614,1.6);
#691=VECTOR('',#2625,1.225);
#692=VECTOR('',#2630,10.);
#693=VECTOR('',#2631,10.);
#694=VECTOR('',#2632,10.);
#695=VECTOR('',#2633,10.);
#696=VECTOR('',#2636,10.);
#697=VECTOR('',#2637,10.);
#698=VECTOR('',#2640,10.);
#699=VECTOR('',#2641,10.);
#700=VECTOR('',#2644,10.);
#701=VECTOR('',#2645,10.);
#702=VECTOR('',#2646,10.);
#703=VECTOR('',#2647,10.);
#704=VECTOR('',#2650,10.);
#705=VECTOR('',#2651,10.);
#706=VECTOR('',#2652,10.);
#707=VECTOR('',#2653,10.);
#708=VECTOR('',#2654,10.);
#709=VECTOR('',#2657,10.);
#710=VECTOR('',#2658,10.);
#711=VECTOR('',#2661,10.);
#712=VECTOR('',#2664,10.);
#713=VECTOR('',#2671,10.);
#714=VECTOR('',#2674,10.);
#715=VECTOR('',#2679,10.);
#716=VECTOR('',#2682,10.);
#717=VECTOR('',#2683,10.);
#718=VECTOR('',#2684,10.);
#719=VECTOR('',#2685,10.);
#720=VECTOR('',#2688,10.);
#721=VECTOR('',#2689,10.);
#722=VECTOR('',#2690,10.);
#723=VECTOR('',#2691,10.);
#724=VECTOR('',#2692,10.);
#725=VECTOR('',#2693,10.);
#726=VECTOR('',#2694,10.);
#727=VECTOR('',#2695,10.);
#728=VECTOR('',#2696,10.);
#729=VECTOR('',#2699,10.);
#730=VECTOR('',#2700,10.);
#731=VECTOR('',#2703,10.);
#732=VECTOR('',#2704,10.);
#733=VECTOR('',#2707,10.);
#734=VECTOR('',#2710,10.);
#735=VECTOR('',#2713,10.);
#736=VECTOR('',#2716,10.);
#737=VECTOR('',#2719,10.);
#738=VECTOR('',#2724,10.);
#739=VECTOR('',#2733,10.);
#740=VECTOR('',#2736,10.);
#741=VECTOR('',#2739,10.);
#742=VECTOR('',#2742,10.);
#743=VECTOR('',#2745,10.);
#744=VECTOR('',#2748,10.);
#745=VECTOR('',#2751,10.);
#746=VECTOR('',#2754,10.);
#747=VECTOR('',#2757,10.);
#748=VECTOR('',#2760,10.);
#749=VECTOR('',#2765,10.);
#750=VECTOR('',#2774,10.);
#751=VECTOR('',#2775,10.);
#752=VECTOR('',#2780,10.);
#753=VECTOR('',#2789,10.);
#754=VECTOR('',#2790,10.);
#755=VECTOR('',#2793,10.);
#756=VECTOR('',#2794,10.);
#757=VECTOR('',#2799,10.);
#758=VECTOR('',#2804,10.);
#759=VECTOR('',#2809,10.);
#760=VECTOR('',#2812,10.);
#761=VECTOR('',#2815,10.);
#762=VECTOR('',#2816,10.);
#763=VECTOR('',#2819,10.);
#764=VECTOR('',#2822,10.);
#765=VECTOR('',#2825,10.);
#766=VECTOR('',#2830,10.);
#767=VECTOR('',#2831,10.);
#768=VECTOR('',#2832,10.);
#769=VECTOR('',#2835,10.);
#770=VECTOR('',#2840,10.);
#771=VECTOR('',#2841,10.);
#772=VECTOR('',#2844,10.);
#773=VECTOR('',#2849,10.);
#774=VECTOR('',#2850,10.);
#775=VECTOR('',#2853,10.);
#776=VECTOR('',#2858,10.);
#777=VECTOR('',#2859,10.);
#778=VECTOR('',#2860,10.);
#779=VECTOR('',#2865,10.);
#780=VECTOR('',#2866,10.);
#781=VECTOR('',#2869,10.);
#782=VECTOR('',#2876,2.95);
#783=VECTOR('',#2879,10.);
#784=VECTOR('',#2880,10.);
#785=VECTOR('',#2881,10.);
#786=VECTOR('',#2884,10.);
#787=VECTOR('',#2885,10.);
#788=VECTOR('',#2892,10.);
#789=VECTOR('',#2893,10.);
#790=VECTOR('',#2896,10.);
#791=VECTOR('',#2901,10.);
#792=VECTOR('',#2904,10.);
#793=VECTOR('',#2907,10.);
#794=VECTOR('',#2910,10.);
#795=VECTOR('',#2911,10.);
#796=VECTOR('',#2916,10.);
#797=VECTOR('',#2919,10.);
#798=VECTOR('',#2922,10.);
#799=VECTOR('',#2925,10.);
#800=VECTOR('',#2932,10.);
#801=VECTOR('',#2933,10.);
#802=VECTOR('',#2934,10.);
#803=VECTOR('',#2935,10.);
#804=VECTOR('',#2938,10.);
#805=VECTOR('',#2939,10.);
#806=VECTOR('',#2940,10.);
#807=VECTOR('',#2941,10.);
#808=VECTOR('',#2944,10.);
#809=VECTOR('',#2949,10.);
#810=VECTOR('',#2952,10.);
#811=VECTOR('',#2955,10.);
#812=VECTOR('',#2960,10.);
#813=VECTOR('',#2961,10.);
#814=VECTOR('',#2962,10.);
#815=VECTOR('',#2965,10.);
#816=VECTOR('',#2968,10.);
#817=VECTOR('',#2975,10.);
#818=VECTOR('',#2978,10.);
#819=VECTOR('',#2985,10.);
#820=VECTOR('',#2988,10.);
#821=VECTOR('',#2991,10.);
#822=VECTOR('',#2992,10.);
#823=VECTOR('',#2995,10.);
#824=VECTOR('',#2996,10.);
#825=VECTOR('',#2997,10.);
#826=VECTOR('',#3000,10.);
#827=VECTOR('',#3001,10.);
#828=VECTOR('',#3004,10.);
#829=VECTOR('',#3009,10.);
#830=VECTOR('',#3016,10.);
#831=VECTOR('',#3017,10.);
#832=VECTOR('',#3018,10.);
#833=VECTOR('',#3021,10.);
#834=VECTOR('',#3034,10.);
#835=VECTOR('',#3035,10.);
#836=VECTOR('',#3038,10.);
#837=VERTEX_POINT('',#3045);
#838=VERTEX_POINT('',#3046);
#839=VERTEX_POINT('',#3048);
#840=VERTEX_POINT('',#3050);
#841=VERTEX_POINT('',#3054);
#842=VERTEX_POINT('',#3055);
#843=VERTEX_POINT('',#3057);
#844=VERTEX_POINT('',#3059);
#845=VERTEX_POINT('',#3063);
#846=VERTEX_POINT('',#3064);
#847=VERTEX_POINT('',#3067);
#848=VERTEX_POINT('',#3069);
#849=VERTEX_POINT('',#3071);
#850=VERTEX_POINT('',#3073);
#851=VERTEX_POINT('',#3075);
#852=VERTEX_POINT('',#3077);
#853=VERTEX_POINT('',#3079);
#854=VERTEX_POINT('',#3081);
#855=VERTEX_POINT('',#3083);
#856=VERTEX_POINT('',#3085);
#857=VERTEX_POINT('',#3087);
#858=VERTEX_POINT('',#3089);
#859=VERTEX_POINT('',#3091);
#860=VERTEX_POINT('',#3093);
#861=VERTEX_POINT('',#3095);
#862=VERTEX_POINT('',#3097);
#863=VERTEX_POINT('',#3099);
#864=VERTEX_POINT('',#3101);
#865=VERTEX_POINT('',#3103);
#866=VERTEX_POINT('',#3105);
#867=VERTEX_POINT('',#3107);
#868=VERTEX_POINT('',#3109);
#869=VERTEX_POINT('',#3111);
#870=VERTEX_POINT('',#3113);
#871=VERTEX_POINT('',#3115);
#872=VERTEX_POINT('',#3117);
#873=VERTEX_POINT('',#3119);
#874=VERTEX_POINT('',#3121);
#875=VERTEX_POINT('',#3123);
#876=VERTEX_POINT('',#3125);
#877=VERTEX_POINT('',#3127);
#878=VERTEX_POINT('',#3130);
#879=VERTEX_POINT('',#3134);
#880=VERTEX_POINT('',#3135);
#881=VERTEX_POINT('',#3137);
#882=VERTEX_POINT('',#3141);
#883=VERTEX_POINT('',#3142);
#884=VERTEX_POINT('',#3144);
#885=VERTEX_POINT('',#3146);
#886=VERTEX_POINT('',#3150);
#887=VERTEX_POINT('',#3152);
#888=VERTEX_POINT('',#3154);
#889=VERTEX_POINT('',#3156);
#890=VERTEX_POINT('',#3158);
#891=VERTEX_POINT('',#3160);
#892=VERTEX_POINT('',#3164);
#893=VERTEX_POINT('',#3165);
#894=VERTEX_POINT('',#3167);
#895=VERTEX_POINT('',#3169);
#896=VERTEX_POINT('',#3171);
#897=VERTEX_POINT('',#3176);
#898=VERTEX_POINT('',#3178);
#899=VERTEX_POINT('',#3182);
#900=VERTEX_POINT('',#3184);
#901=VERTEX_POINT('',#3188);
#902=VERTEX_POINT('',#3190);
#903=VERTEX_POINT('',#3194);
#904=VERTEX_POINT('',#3196);
#905=VERTEX_POINT('',#3198);
#906=VERTEX_POINT('',#3201);
#907=VERTEX_POINT('',#3205);
#908=VERTEX_POINT('',#3207);
#909=VERTEX_POINT('',#3212);
#910=VERTEX_POINT('',#3215);
#911=VERTEX_POINT('',#3222);
#912=VERTEX_POINT('',#3227);
#913=VERTEX_POINT('',#3229);
#914=VERTEX_POINT('',#3231);
#915=VERTEX_POINT('',#3233);
#916=VERTEX_POINT('',#3235);
#917=VERTEX_POINT('',#3237);
#918=VERTEX_POINT('',#3239);
#919=VERTEX_POINT('',#3241);
#920=VERTEX_POINT('',#3243);
#921=VERTEX_POINT('',#3245);
#922=VERTEX_POINT('',#3247);
#923=VERTEX_POINT('',#3249);
#924=VERTEX_POINT('',#3251);
#925=VERTEX_POINT('',#3253);
#926=VERTEX_POINT('',#3255);
#927=VERTEX_POINT('',#3257);
#928=VERTEX_POINT('',#3259);
#929=VERTEX_POINT('',#3261);
#930=VERTEX_POINT('',#3263);
#931=VERTEX_POINT('',#3265);
#932=VERTEX_POINT('',#3267);
#933=VERTEX_POINT('',#3271);
#934=VERTEX_POINT('',#3274);
#935=VERTEX_POINT('',#3277);
#936=VERTEX_POINT('',#3279);
#937=VERTEX_POINT('',#3284);
#938=VERTEX_POINT('',#3286);
#939=VERTEX_POINT('',#3291);
#940=VERTEX_POINT('',#3294);
#941=VERTEX_POINT('',#3298);
#942=VERTEX_POINT('',#3299);
#943=VERTEX_POINT('',#3301);
#944=VERTEX_POINT('',#3303);
#945=VERTEX_POINT('',#3310);
#946=VERTEX_POINT('',#3315);
#947=VERTEX_POINT('',#3317);
#948=VERTEX_POINT('',#3321);
#949=VERTEX_POINT('',#3322);
#950=VERTEX_POINT('',#3324);
#951=VERTEX_POINT('',#3327);
#952=VERTEX_POINT('',#3331);
#953=VERTEX_POINT('',#3333);
#954=VERTEX_POINT('',#3335);
#955=VERTEX_POINT('',#3341);
#956=VERTEX_POINT('',#3343);
#957=VERTEX_POINT('',#3347);
#958=VERTEX_POINT('',#3360);
#959=VERTEX_POINT('',#3366);
#960=VERTEX_POINT('',#3368);
#961=VERTEX_POINT('',#3370);
#962=VERTEX_POINT('',#3375);
#963=VERTEX_POINT('',#3377);
#964=VERTEX_POINT('',#3379);
#965=VERTEX_POINT('',#3381);
#966=VERTEX_POINT('',#3383);
#967=VERTEX_POINT('',#3385);
#968=VERTEX_POINT('',#3387);
#969=VERTEX_POINT('',#3391);
#970=VERTEX_POINT('',#3395);
#971=VERTEX_POINT('',#3396);
#972=VERTEX_POINT('',#3398);
#973=VERTEX_POINT('',#3400);
#974=VERTEX_POINT('',#3402);
#975=VERTEX_POINT('',#3404);
#976=VERTEX_POINT('',#3406);
#977=VERTEX_POINT('',#3408);
#978=VERTEX_POINT('',#3410);
#979=VERTEX_POINT('',#3412);
#980=VERTEX_POINT('',#3414);
#981=VERTEX_POINT('',#3446);
#982=VERTEX_POINT('',#3452);
#983=VERTEX_POINT('',#3456);
#984=VERTEX_POINT('',#3457);
#985=VERTEX_POINT('',#3462);
#986=VERTEX_POINT('',#3468);
#987=VERTEX_POINT('',#3472);
#988=VERTEX_POINT('',#3473);
#989=VERTEX_POINT('',#3475);
#990=VERTEX_POINT('',#3478);
#991=VERTEX_POINT('',#3480);
#992=VERTEX_POINT('',#3482);
#993=VERTEX_POINT('',#3484);
#994=VERTEX_POINT('',#3486);
#995=VERTEX_POINT('',#3488);
#996=VERTEX_POINT('',#3490);
#997=VERTEX_POINT('',#3492);
#998=VERTEX_POINT('',#3495);
#999=VERTEX_POINT('',#3496);
#1000=VERTEX_POINT('',#3498);
#1001=VERTEX_POINT('',#3500);
#1002=VERTEX_POINT('',#3502);
#1003=VERTEX_POINT('',#3504);
#1004=VERTEX_POINT('',#3506);
#1005=VERTEX_POINT('',#3508);
#1006=VERTEX_POINT('',#3512);
#1007=VERTEX_POINT('',#3514);
#1008=VERTEX_POINT('',#3518);
#1009=VERTEX_POINT('',#3522);
#1010=VERTEX_POINT('',#3526);
#1011=VERTEX_POINT('',#3530);
#1012=VERTEX_POINT('',#3532);
#1013=VERTEX_POINT('',#3534);
#1014=VERTEX_POINT('',#3536);
#1015=VERTEX_POINT('',#3541);
#1016=VERTEX_POINT('',#3545);
#1017=VERTEX_POINT('',#3556);
#1018=VERTEX_POINT('',#3561);
#1019=VERTEX_POINT('',#3566);
#1020=VERTEX_POINT('',#3568);
#1021=VERTEX_POINT('',#3570);
#1022=VERTEX_POINT('',#3572);
#1023=VERTEX_POINT('',#3574);
#1024=VERTEX_POINT('',#3581);
#1025=VERTEX_POINT('',#3583);
#1026=VERTEX_POINT('',#3585);
#1027=VERTEX_POINT('',#3587);
#1028=VERTEX_POINT('',#3589);
#1029=VERTEX_POINT('',#3603);
#1030=VERTEX_POINT('',#3605);
#1031=VERTEX_POINT('',#3607);
#1032=VERTEX_POINT('',#3611);
#1033=VERTEX_POINT('',#3612);
#1034=VERTEX_POINT('',#3614);
#1035=VERTEX_POINT('',#3616);
#1036=VERTEX_POINT('',#3630);
#1037=VERTEX_POINT('',#3632);
#1038=VERTEX_POINT('',#3648);
#1039=VERTEX_POINT('',#3650);
#1040=VERTEX_POINT('',#3654);
#1041=VERTEX_POINT('',#3658);
#1042=VERTEX_POINT('',#3660);
#1043=VERTEX_POINT('',#3664);
#1044=VERTEX_POINT('',#3668);
#1045=VERTEX_POINT('',#3678);
#1046=VERTEX_POINT('',#3680);
#1047=VERTEX_POINT('',#3682);
#1048=EDGE_CURVE('',#837,#838,#389,.T.);
#1049=EDGE_CURVE('',#838,#839,#390,.T.);
#1050=EDGE_CURVE('',#840,#839,#391,.T.);
#1051=EDGE_CURVE('',#837,#840,#392,.T.);
#1052=EDGE_CURVE('',#841,#842,#393,.T.);
#1053=EDGE_CURVE('',#842,#843,#25,.T.);
#1054=EDGE_CURVE('',#843,#844,#394,.T.);
#1055=EDGE_CURVE('',#841,#844,#26,.T.);
#1056=EDGE_CURVE('',#845,#846,#395,.T.);
#1057=EDGE_CURVE('',#846,#837,#27,.T.);
#1058=EDGE_CURVE('',#840,#847,#396,.T.);
#1059=EDGE_CURVE('',#847,#848,#28,.T.);
#1060=EDGE_CURVE('',#848,#849,#397,.T.);
#1061=EDGE_CURVE('',#849,#850,#398,.T.);
#1062=EDGE_CURVE('',#850,#851,#29,.T.);
#1063=EDGE_CURVE('',#851,#852,#399,.T.);
#1064=EDGE_CURVE('',#852,#853,#400,.T.);
#1065=EDGE_CURVE('',#853,#854,#401,.T.);
#1066=EDGE_CURVE('',#854,#855,#402,.T.);
#1067=EDGE_CURVE('',#856,#855,#403,.T.);
#1068=EDGE_CURVE('',#857,#856,#30,.T.);
#1069=EDGE_CURVE('',#858,#857,#404,.T.);
#1070=EDGE_CURVE('',#859,#858,#405,.T.);
#1071=EDGE_CURVE('',#860,#859,#31,.T.);
#1072=EDGE_CURVE('',#861,#860,#406,.T.);
#1073=EDGE_CURVE('',#862,#861,#407,.T.);
#1074=EDGE_CURVE('',#863,#862,#32,.T.);
#1075=EDGE_CURVE('',#864,#863,#408,.T.);
#1076=EDGE_CURVE('',#865,#864,#33,.T.);
#1077=EDGE_CURVE('',#866,#865,#409,.T.);
#1078=EDGE_CURVE('',#867,#866,#410,.T.);
#1079=EDGE_CURVE('',#867,#868,#411,.T.);
#1080=EDGE_CURVE('',#868,#869,#412,.T.);
#1081=EDGE_CURVE('',#869,#870,#34,.T.);
#1082=EDGE_CURVE('',#870,#871,#413,.T.);
#1083=EDGE_CURVE('',#871,#872,#414,.T.);
#1084=EDGE_CURVE('',#872,#873,#35,.T.);
#1085=EDGE_CURVE('',#873,#874,#415,.T.);
#1086=EDGE_CURVE('',#874,#875,#36,.T.);
#1087=EDGE_CURVE('',#875,#876,#416,.T.);
#1088=EDGE_CURVE('',#876,#877,#37,.T.);
#1089=EDGE_CURVE('',#877,#841,#417,.T.);
#1090=EDGE_CURVE('',#878,#844,#418,.T.);
#1091=EDGE_CURVE('',#878,#845,#38,.T.);
#1092=EDGE_CURVE('',#879,#880,#419,.T.);
#1093=EDGE_CURVE('',#881,#880,#39,.T.);
#1094=EDGE_CURVE('',#879,#881,#40,.T.);
#1095=EDGE_CURVE('',#882,#883,#420,.T.);
#1096=EDGE_CURVE('',#884,#883,#41,.T.);
#1097=EDGE_CURVE('',#884,#885,#421,.T.);
#1098=EDGE_CURVE('',#885,#882,#42,.T.);
#1099=EDGE_CURVE('',#880,#886,#422,.T.);
#1100=EDGE_CURVE('',#886,#887,#43,.T.);
#1101=EDGE_CURVE('',#887,#888,#423,.T.);
#1102=EDGE_CURVE('',#889,#888,#44,.T.);
#1103=EDGE_CURVE('',#889,#890,#424,.T.);
#1104=EDGE_CURVE('',#890,#891,#45,.T.);
#1105=EDGE_CURVE('',#881,#891,#425,.T.);
#1106=EDGE_CURVE('',#892,#893,#426,.T.);
#1107=EDGE_CURVE('',#894,#892,#427,.T.);
#1108=EDGE_CURVE('',#895,#894,#428,.T.);
#1109=EDGE_CURVE('',#895,#896,#429,.T.);
#1110=EDGE_CURVE('',#886,#896,#430,.T.);
#1111=EDGE_CURVE('',#893,#879,#431,.T.);
#1112=EDGE_CURVE('',#896,#897,#46,.T.);
#1113=EDGE_CURVE('',#898,#895,#47,.T.);
#1114=EDGE_CURVE('',#898,#897,#432,.T.);
#1115=EDGE_CURVE('',#897,#899,#433,.T.);
#1116=EDGE_CURVE('',#900,#898,#434,.T.);
#1117=EDGE_CURVE('',#900,#899,#435,.T.);
#1118=EDGE_CURVE('',#899,#901,#48,.T.);
#1119=EDGE_CURVE('',#902,#900,#49,.T.);
#1120=EDGE_CURVE('',#902,#901,#436,.T.);
#1121=EDGE_CURVE('',#901,#903,#437,.T.);
#1122=EDGE_CURVE('',#904,#902,#438,.T.);
#1123=EDGE_CURVE('',#904,#905,#439,.T.);
#1124=EDGE_CURVE('',#883,#905,#440,.T.);
#1125=EDGE_CURVE('',#906,#882,#441,.T.);
#1126=EDGE_CURVE('',#903,#906,#442,.T.);
#1127=EDGE_CURVE('',#905,#907,#50,.T.);
#1128=EDGE_CURVE('',#908,#904,#51,.T.);
#1129=EDGE_CURVE('',#908,#877,#443,.T.);
#1130=EDGE_CURVE('',#907,#876,#444,.T.);
#1131=EDGE_CURVE('',#909,#908,#445,.T.);
#1132=EDGE_CURVE('',#909,#846,#446,.T.);
#1133=EDGE_CURVE('',#910,#845,#447,.T.);
#1134=EDGE_CURVE('',#842,#910,#448,.T.);
#1135=EDGE_CURVE('',#894,#909,#52,.T.);
#1136=EDGE_CURVE('',#838,#892,#53,.T.);
#1137=EDGE_CURVE('',#911,#910,#54,.T.);
#1138=EDGE_CURVE('',#911,#843,#449,.T.);
#1139=EDGE_CURVE('',#884,#903,#55,.T.);
#1140=EDGE_CURVE('',#912,#907,#450,.T.);
#1141=EDGE_CURVE('',#913,#912,#56,.T.);
#1142=EDGE_CURVE('',#914,#913,#451,.T.);
#1143=EDGE_CURVE('',#915,#914,#57,.T.);
#1144=EDGE_CURVE('',#916,#915,#452,.T.);
#1145=EDGE_CURVE('',#917,#916,#453,.T.);
#1146=EDGE_CURVE('',#917,#918,#58,.T.);
#1147=EDGE_CURVE('',#918,#919,#454,.T.);
#1148=EDGE_CURVE('',#919,#920,#59,.T.);
#1149=EDGE_CURVE('',#920,#921,#455,.T.);
#1150=EDGE_CURVE('',#921,#922,#60,.T.);
#1151=EDGE_CURVE('',#922,#923,#456,.T.);
#1152=EDGE_CURVE('',#923,#924,#61,.T.);
#1153=EDGE_CURVE('',#924,#925,#457,.T.);
#1154=EDGE_CURVE('',#926,#925,#62,.T.);
#1155=EDGE_CURVE('',#926,#927,#458,.T.);
#1156=EDGE_CURVE('',#928,#927,#459,.T.);
#1157=EDGE_CURVE('',#929,#928,#63,.T.);
#1158=EDGE_CURVE('',#930,#929,#460,.T.);
#1159=EDGE_CURVE('',#931,#930,#461,.T.);
#1160=EDGE_CURVE('',#932,#931,#64,.T.);
#1161=EDGE_CURVE('',#839,#932,#462,.T.);
#1162=EDGE_CURVE('',#893,#891,#65,.T.);
#1163=EDGE_CURVE('',#933,#890,#463,.T.);
#1164=EDGE_CURVE('',#887,#933,#464,.T.);
#1165=EDGE_CURVE('',#934,#934,#66,.T.);
#1166=EDGE_CURVE('',#935,#935,#67,.T.);
#1167=EDGE_CURVE('',#935,#936,#465,.T.);
#1168=EDGE_CURVE('',#936,#936,#68,.T.);
#1169=EDGE_CURVE('',#937,#937,#69,.T.);
#1170=EDGE_CURVE('',#937,#938,#466,.T.);
#1171=EDGE_CURVE('',#938,#938,#70,.T.);
#1172=EDGE_CURVE('',#939,#939,#71,.T.);
#1173=EDGE_CURVE('',#939,#940,#467,.T.);
#1174=EDGE_CURVE('',#940,#940,#72,.T.);
#1175=EDGE_CURVE('',#941,#942,#468,.T.);
#1176=EDGE_CURVE('',#941,#943,#469,.T.);
#1177=EDGE_CURVE('',#943,#944,#470,.T.);
#1178=EDGE_CURVE('',#944,#942,#471,.T.);
#1179=EDGE_CURVE('',#942,#853,#472,.T.);
#1180=EDGE_CURVE('',#854,#944,#473,.T.);
#1181=EDGE_CURVE('',#855,#945,#474,.T.);
#1182=EDGE_CURVE('',#945,#943,#475,.T.);
#1183=EDGE_CURVE('',#927,#852,#476,.T.);
#1184=EDGE_CURVE('',#946,#926,#477,.T.);
#1185=EDGE_CURVE('',#947,#946,#478,.T.);
#1186=EDGE_CURVE('',#941,#947,#479,.T.);
#1187=EDGE_CURVE('',#948,#949,#480,.T.);
#1188=EDGE_CURVE('',#948,#950,#481,.T.);
#1189=EDGE_CURVE('',#868,#950,#482,.T.);
#1190=EDGE_CURVE('',#951,#867,#483,.T.);
#1191=EDGE_CURVE('',#949,#951,#484,.T.);
#1192=EDGE_CURVE('',#951,#952,#485,.T.);
#1193=EDGE_CURVE('',#952,#953,#486,.T.);
#1194=EDGE_CURVE('',#953,#954,#73,.T.);
#1195=EDGE_CURVE('',#954,#949,#487,.T.);
#1196=EDGE_CURVE('',#866,#952,#488,.T.);
#1197=EDGE_CURVE('',#950,#955,#74,.T.);
#1198=EDGE_CURVE('',#956,#948,#75,.T.);
#1199=EDGE_CURVE('',#956,#955,#489,.T.);
#1200=EDGE_CURVE('',#957,#946,#15,.T.);
#1201=EDGE_CURVE('',#958,#957,#490,.T.);
#1202=EDGE_CURVE('',#947,#958,#76,.T.);
#1203=EDGE_CURVE('',#851,#928,#491,.T.);
#1204=EDGE_CURVE('',#955,#959,#492,.T.);
#1205=EDGE_CURVE('',#959,#960,#493,.T.);
#1206=EDGE_CURVE('',#960,#961,#494,.T.);
#1207=EDGE_CURVE('',#961,#869,#495,.T.);
#1208=EDGE_CURVE('',#958,#956,#496,.T.);
#1209=EDGE_CURVE('',#962,#954,#497,.T.);
#1210=EDGE_CURVE('',#962,#963,#498,.T.);
#1211=EDGE_CURVE('',#963,#964,#499,.T.);
#1212=EDGE_CURVE('',#965,#964,#500,.T.);
#1213=EDGE_CURVE('',#966,#965,#501,.T.);
#1214=EDGE_CURVE('',#967,#966,#502,.T.);
#1215=EDGE_CURVE('',#968,#967,#503,.T.);
#1216=EDGE_CURVE('',#943,#968,#504,.T.);
#1217=EDGE_CURVE('',#969,#933,#505,.T.);
#1218=EDGE_CURVE('',#969,#888,#506,.T.);
#1219=EDGE_CURVE('',#970,#971,#507,.T.);
#1220=EDGE_CURVE('',#971,#972,#508,.T.);
#1221=EDGE_CURVE('',#972,#973,#77,.T.);
#1222=EDGE_CURVE('',#973,#974,#509,.T.);
#1223=EDGE_CURVE('',#974,#975,#78,.T.);
#1224=EDGE_CURVE('',#975,#976,#510,.T.);
#1225=EDGE_CURVE('',#976,#977,#79,.T.);
#1226=EDGE_CURVE('',#977,#978,#511,.T.);
#1227=EDGE_CURVE('',#978,#979,#80,.T.);
#1228=EDGE_CURVE('',#979,#980,#512,.T.);
#1229=EDGE_CURVE('',#980,#970,#81,.T.);
#1230=EDGE_CURVE('',#889,#969,#513,.T.);
#1231=EDGE_CURVE('',#878,#911,#514,.T.);
#1232=EDGE_CURVE('',#906,#885,#82,.T.);
#1233=EDGE_CURVE('',#875,#912,#515,.T.);
#1234=EDGE_CURVE('',#874,#913,#516,.T.);
#1235=EDGE_CURVE('',#873,#914,#517,.T.);
#1236=EDGE_CURVE('',#872,#915,#518,.T.);
#1237=EDGE_CURVE('',#871,#916,#519,.T.);
#1238=EDGE_CURVE('',#917,#870,#520,.T.);
#1239=EDGE_CURVE('',#850,#929,#521,.T.);
#1240=EDGE_CURVE('',#849,#930,#522,.T.);
#1241=EDGE_CURVE('',#848,#931,#523,.T.);
#1242=EDGE_CURVE('',#847,#932,#524,.T.);
#1243=EDGE_CURVE('',#981,#925,#525,.T.);
#1244=EDGE_CURVE('',#981,#960,#83,.T.);
#1245=EDGE_CURVE('',#959,#957,#84,.T.);
#1246=EDGE_CURVE('',#982,#945,#526,.T.);
#1247=EDGE_CURVE('',#856,#982,#527,.T.);
#1248=EDGE_CURVE('',#983,#984,#85,.T.);
#1249=EDGE_CURVE('',#984,#983,#528,.T.);
#1250=EDGE_CURVE('',#985,#985,#86,.T.);
#1251=EDGE_CURVE('',#984,#924,#529,.T.);
#1252=EDGE_CURVE('',#923,#983,#530,.T.);
#1253=EDGE_CURVE('',#986,#922,#531,.T.);
#1254=EDGE_CURVE('',#986,#981,#532,.T.);
#1255=EDGE_CURVE('',#987,#988,#87,.T.);
#1256=EDGE_CURVE('',#989,#987,#533,.T.);
#1257=EDGE_CURVE('',#961,#989,#88,.T.);
#1258=EDGE_CURVE('',#990,#986,#89,.T.);
#1259=EDGE_CURVE('',#991,#990,#534,.T.);
#1260=EDGE_CURVE('',#992,#991,#90,.T.);
#1261=EDGE_CURVE('',#993,#992,#91,.T.);
#1262=EDGE_CURVE('',#994,#993,#535,.T.);
#1263=EDGE_CURVE('',#995,#994,#92,.T.);
#1264=EDGE_CURVE('',#996,#995,#536,.T.);
#1265=EDGE_CURVE('',#997,#996,#93,.T.);
#1266=EDGE_CURVE('',#988,#997,#537,.T.);
#1267=EDGE_CURVE('',#998,#999,#538,.T.);
#1268=EDGE_CURVE('',#1000,#998,#94,.T.);
#1269=EDGE_CURVE('',#1001,#1000,#539,.T.);
#1270=EDGE_CURVE('',#1002,#1001,#95,.T.);
#1271=EDGE_CURVE('',#1003,#1002,#540,.T.);
#1272=EDGE_CURVE('',#1004,#1003,#96,.T.);
#1273=EDGE_CURVE('',#1005,#1004,#541,.T.);
#1274=EDGE_CURVE('',#999,#1005,#97,.T.);
#1275=EDGE_CURVE('',#1006,#1002,#542,.T.);
#1276=EDGE_CURVE('',#1007,#1006,#543,.T.);
#1277=EDGE_CURVE('',#1007,#1003,#544,.T.);
#1278=EDGE_CURVE('',#1008,#1001,#545,.T.);
#1279=EDGE_CURVE('',#1006,#1008,#98,.T.);
#1280=EDGE_CURVE('',#1009,#1000,#546,.T.);
#1281=EDGE_CURVE('',#1008,#1009,#547,.T.);
#1282=EDGE_CURVE('',#1010,#998,#548,.T.);
#1283=EDGE_CURVE('',#1009,#1010,#99,.T.);
#1284=EDGE_CURVE('',#1011,#987,#549,.T.);
#1285=EDGE_CURVE('',#1012,#988,#550,.T.);
#1286=EDGE_CURVE('',#1013,#1012,#100,.T.);
#1287=EDGE_CURVE('',#1013,#1014,#551,.T.);
#1288=EDGE_CURVE('',#1011,#1014,#101,.T.);
#1289=EDGE_CURVE('',#989,#918,#552,.T.);
#1290=EDGE_CURVE('',#1015,#1011,#553,.T.);
#1291=EDGE_CURVE('',#1015,#919,#554,.T.);
#1292=EDGE_CURVE('',#1016,#1015,#102,.T.);
#1293=EDGE_CURVE('',#992,#1016,#555,.T.);
#1294=EDGE_CURVE('',#991,#920,#556,.T.);
#1295=EDGE_CURVE('',#990,#921,#557,.T.);
#1296=EDGE_CURVE('',#985,#934,#558,.T.);
#1297=EDGE_CURVE('',#858,#1017,#559,.T.);
#1298=EDGE_CURVE('',#974,#1017,#560,.T.);
#1299=EDGE_CURVE('',#859,#973,#561,.T.);
#1300=EDGE_CURVE('',#857,#1018,#562,.T.);
#1301=EDGE_CURVE('',#1017,#1018,#563,.T.);
#1302=EDGE_CURVE('',#968,#982,#103,.T.);
#1303=EDGE_CURVE('',#1019,#968,#104,.T.);
#1304=EDGE_CURVE('',#1020,#1019,#564,.T.);
#1305=EDGE_CURVE('',#1020,#1021,#565,.T.);
#1306=EDGE_CURVE('',#1022,#1021,#105,.T.);
#1307=EDGE_CURVE('',#1023,#1022,#566,.T.);
#1308=EDGE_CURVE('',#1018,#1023,#106,.T.);
#1309=EDGE_CURVE('',#865,#953,#567,.T.);
#1310=EDGE_CURVE('',#979,#864,#568,.T.);
#1311=EDGE_CURVE('',#1024,#978,#107,.T.);
#1312=EDGE_CURVE('',#1025,#1024,#569,.T.);
#1313=EDGE_CURVE('',#1026,#1025,#108,.T.);
#1314=EDGE_CURVE('',#1027,#1026,#570,.T.);
#1315=EDGE_CURVE('',#1028,#1027,#571,.T.);
#1316=EDGE_CURVE('',#954,#1028,#109,.T.);
#1317=EDGE_CURVE('',#860,#972,#572,.T.);
#1318=EDGE_CURVE('',#861,#971,#573,.T.);
#1319=EDGE_CURVE('',#862,#970,#574,.T.);
#1320=EDGE_CURVE('',#863,#980,#575,.T.);
#1321=EDGE_CURVE('',#1029,#977,#576,.T.);
#1322=EDGE_CURVE('',#1030,#1029,#577,.T.);
#1323=EDGE_CURVE('',#1031,#1030,#578,.T.);
#1324=EDGE_CURVE('',#978,#1031,#579,.T.);
#1325=EDGE_CURVE('',#1032,#1033,#580,.T.);
#1326=EDGE_CURVE('',#1034,#1032,#581,.T.);
#1327=EDGE_CURVE('',#1034,#1035,#582,.T.);
#1328=EDGE_CURVE('',#1033,#1035,#583,.T.);
#1329=EDGE_CURVE('',#1034,#1023,#584,.T.);
#1330=EDGE_CURVE('',#1032,#974,#110,.T.);
#1331=EDGE_CURVE('',#1024,#1031,#585,.T.);
#1332=EDGE_CURVE('',#1035,#1022,#586,.T.);
#1333=EDGE_CURVE('',#1025,#1030,#587,.T.);
#1334=EDGE_CURVE('',#976,#1036,#588,.T.);
#1335=EDGE_CURVE('',#975,#1037,#589,.T.);
#1336=EDGE_CURVE('',#1036,#1037,#590,.T.);
#1337=EDGE_CURVE('',#1019,#967,#591,.T.);
#1338=EDGE_CURVE('',#1028,#962,#592,.T.);
#1339=EDGE_CURVE('',#1037,#1033,#111,.T.);
#1340=EDGE_CURVE('',#966,#1020,#593,.T.);
#1341=EDGE_CURVE('',#1027,#963,#594,.T.);
#1342=EDGE_CURVE('',#1029,#1036,#112,.T.);
#1343=EDGE_CURVE('',#1038,#994,#595,.T.);
#1344=EDGE_CURVE('',#1039,#1038,#113,.T.);
#1345=EDGE_CURVE('',#995,#1039,#596,.T.);
#1346=EDGE_CURVE('',#1040,#993,#597,.T.);
#1347=EDGE_CURVE('',#1038,#1040,#598,.T.);
#1348=EDGE_CURVE('',#1014,#1041,#599,.T.);
#1349=EDGE_CURVE('',#1042,#1013,#600,.T.);
#1350=EDGE_CURVE('',#1042,#1041,#601,.T.);
#1351=EDGE_CURVE('',#1043,#997,#602,.T.);
#1352=EDGE_CURVE('',#1012,#1043,#603,.T.);
#1353=EDGE_CURVE('',#1044,#996,#604,.T.);
#1354=EDGE_CURVE('',#1043,#1044,#114,.T.);
#1355=EDGE_CURVE('',#1044,#1039,#605,.T.);
#1356=EDGE_CURVE('',#1041,#1016,#115,.T.);
#1357=EDGE_CURVE('',#964,#1026,#606,.T.);
#1358=EDGE_CURVE('',#1021,#965,#607,.T.);
#1359=EDGE_CURVE('',#1010,#1045,#608,.T.);
#1360=EDGE_CURVE('',#1045,#1046,#116,.T.);
#1361=EDGE_CURVE('',#1046,#1047,#609,.T.);
#1362=EDGE_CURVE('',#1047,#1007,#117,.T.);
#1363=EDGE_CURVE('',#1040,#1042,#118,.T.);
#1364=EDGE_CURVE('',#1046,#1005,#610,.T.);
#1365=EDGE_CURVE('',#1045,#999,#611,.T.);
#1366=EDGE_CURVE('',#1047,#1004,#612,.T.);
#1367=ORIENTED_EDGE('',*,*,#1048,.T.);
#1368=ORIENTED_EDGE('',*,*,#1049,.T.);
#1369=ORIENTED_EDGE('',*,*,#1050,.F.);
#1370=ORIENTED_EDGE('',*,*,#1051,.F.);
#1371=ORIENTED_EDGE('',*,*,#1052,.T.);
#1372=ORIENTED_EDGE('',*,*,#1053,.T.);
#1373=ORIENTED_EDGE('',*,*,#1054,.T.);
#1374=ORIENTED_EDGE('',*,*,#1055,.F.);
#1375=ORIENTED_EDGE('',*,*,#1056,.T.);
#1376=ORIENTED_EDGE('',*,*,#1057,.T.);
#1377=ORIENTED_EDGE('',*,*,#1051,.T.);
#1378=ORIENTED_EDGE('',*,*,#1058,.T.);
#1379=ORIENTED_EDGE('',*,*,#1059,.T.);
#1380=ORIENTED_EDGE('',*,*,#1060,.T.);
#1381=ORIENTED_EDGE('',*,*,#1061,.T.);
#1382=ORIENTED_EDGE('',*,*,#1062,.T.);
#1383=ORIENTED_EDGE('',*,*,#1063,.T.);
#1384=ORIENTED_EDGE('',*,*,#1064,.T.);
#1385=ORIENTED_EDGE('',*,*,#1065,.T.);
#1386=ORIENTED_EDGE('',*,*,#1066,.T.);
#1387=ORIENTED_EDGE('',*,*,#1067,.F.);
#1388=ORIENTED_EDGE('',*,*,#1068,.F.);
#1389=ORIENTED_EDGE('',*,*,#1069,.F.);
#1390=ORIENTED_EDGE('',*,*,#1070,.F.);
#1391=ORIENTED_EDGE('',*,*,#1071,.F.);
#1392=ORIENTED_EDGE('',*,*,#1072,.F.);
#1393=ORIENTED_EDGE('',*,*,#1073,.F.);
#1394=ORIENTED_EDGE('',*,*,#1074,.F.);
#1395=ORIENTED_EDGE('',*,*,#1075,.F.);
#1396=ORIENTED_EDGE('',*,*,#1076,.F.);
#1397=ORIENTED_EDGE('',*,*,#1077,.F.);
#1398=ORIENTED_EDGE('',*,*,#1078,.F.);
#1399=ORIENTED_EDGE('',*,*,#1079,.T.);
#1400=ORIENTED_EDGE('',*,*,#1080,.T.);
#1401=ORIENTED_EDGE('',*,*,#1081,.T.);
#1402=ORIENTED_EDGE('',*,*,#1082,.T.);
#1403=ORIENTED_EDGE('',*,*,#1083,.T.);
#1404=ORIENTED_EDGE('',*,*,#1084,.T.);
#1405=ORIENTED_EDGE('',*,*,#1085,.T.);
#1406=ORIENTED_EDGE('',*,*,#1086,.T.);
#1407=ORIENTED_EDGE('',*,*,#1087,.T.);
#1408=ORIENTED_EDGE('',*,*,#1088,.T.);
#1409=ORIENTED_EDGE('',*,*,#1089,.T.);
#1410=ORIENTED_EDGE('',*,*,#1055,.T.);
#1411=ORIENTED_EDGE('',*,*,#1090,.F.);
#1412=ORIENTED_EDGE('',*,*,#1091,.T.);
#1413=ORIENTED_EDGE('',*,*,#1092,.T.);
#1414=ORIENTED_EDGE('',*,*,#1093,.F.);
#1415=ORIENTED_EDGE('',*,*,#1094,.F.);
#1416=ORIENTED_EDGE('',*,*,#1095,.T.);
#1417=ORIENTED_EDGE('',*,*,#1096,.F.);
#1418=ORIENTED_EDGE('',*,*,#1097,.T.);
#1419=ORIENTED_EDGE('',*,*,#1098,.T.);
#1420=ORIENTED_EDGE('',*,*,#1099,.T.);
#1421=ORIENTED_EDGE('',*,*,#1100,.T.);
#1422=ORIENTED_EDGE('',*,*,#1101,.T.);
#1423=ORIENTED_EDGE('',*,*,#1102,.F.);
#1424=ORIENTED_EDGE('',*,*,#1103,.T.);
#1425=ORIENTED_EDGE('',*,*,#1104,.T.);
#1426=ORIENTED_EDGE('',*,*,#1105,.F.);
#1427=ORIENTED_EDGE('',*,*,#1093,.T.);
#1428=ORIENTED_EDGE('',*,*,#1106,.F.);
#1429=ORIENTED_EDGE('',*,*,#1107,.F.);
#1430=ORIENTED_EDGE('',*,*,#1108,.F.);
#1431=ORIENTED_EDGE('',*,*,#1109,.T.);
#1432=ORIENTED_EDGE('',*,*,#1110,.F.);
#1433=ORIENTED_EDGE('',*,*,#1099,.F.);
#1434=ORIENTED_EDGE('',*,*,#1092,.F.);
#1435=ORIENTED_EDGE('',*,*,#1111,.F.);
#1436=ORIENTED_EDGE('',*,*,#1112,.F.);
#1437=ORIENTED_EDGE('',*,*,#1109,.F.);
#1438=ORIENTED_EDGE('',*,*,#1113,.F.);
#1439=ORIENTED_EDGE('',*,*,#1114,.T.);
#1440=ORIENTED_EDGE('',*,*,#1115,.F.);
#1441=ORIENTED_EDGE('',*,*,#1114,.F.);
#1442=ORIENTED_EDGE('',*,*,#1116,.F.);
#1443=ORIENTED_EDGE('',*,*,#1117,.T.);
#1444=ORIENTED_EDGE('',*,*,#1118,.F.);
#1445=ORIENTED_EDGE('',*,*,#1117,.F.);
#1446=ORIENTED_EDGE('',*,*,#1119,.F.);
#1447=ORIENTED_EDGE('',*,*,#1120,.T.);
#1448=ORIENTED_EDGE('',*,*,#1121,.F.);
#1449=ORIENTED_EDGE('',*,*,#1120,.F.);
#1450=ORIENTED_EDGE('',*,*,#1122,.F.);
#1451=ORIENTED_EDGE('',*,*,#1123,.T.);
#1452=ORIENTED_EDGE('',*,*,#1124,.F.);
#1453=ORIENTED_EDGE('',*,*,#1095,.F.);
#1454=ORIENTED_EDGE('',*,*,#1125,.F.);
#1455=ORIENTED_EDGE('',*,*,#1126,.F.);
#1456=ORIENTED_EDGE('',*,*,#1127,.F.);
#1457=ORIENTED_EDGE('',*,*,#1123,.F.);
#1458=ORIENTED_EDGE('',*,*,#1128,.F.);
#1459=ORIENTED_EDGE('',*,*,#1129,.T.);
#1460=ORIENTED_EDGE('',*,*,#1088,.F.);
#1461=ORIENTED_EDGE('',*,*,#1130,.F.);
#1462=ORIENTED_EDGE('',*,*,#1129,.F.);
#1463=ORIENTED_EDGE('',*,*,#1131,.F.);
#1464=ORIENTED_EDGE('',*,*,#1132,.T.);
#1465=ORIENTED_EDGE('',*,*,#1056,.F.);
#1466=ORIENTED_EDGE('',*,*,#1133,.F.);
#1467=ORIENTED_EDGE('',*,*,#1134,.F.);
#1468=ORIENTED_EDGE('',*,*,#1052,.F.);
#1469=ORIENTED_EDGE('',*,*,#1089,.F.);
#1470=ORIENTED_EDGE('',*,*,#1132,.F.);
#1471=ORIENTED_EDGE('',*,*,#1135,.F.);
#1472=ORIENTED_EDGE('',*,*,#1107,.T.);
#1473=ORIENTED_EDGE('',*,*,#1136,.F.);
#1474=ORIENTED_EDGE('',*,*,#1048,.F.);
#1475=ORIENTED_EDGE('',*,*,#1057,.F.);
#1476=ORIENTED_EDGE('',*,*,#1134,.T.);
#1477=ORIENTED_EDGE('',*,*,#1137,.F.);
#1478=ORIENTED_EDGE('',*,*,#1138,.T.);
#1479=ORIENTED_EDGE('',*,*,#1053,.F.);
#1480=ORIENTED_EDGE('',*,*,#1110,.T.);
#1481=ORIENTED_EDGE('',*,*,#1112,.T.);
#1482=ORIENTED_EDGE('',*,*,#1115,.T.);
#1483=ORIENTED_EDGE('',*,*,#1118,.T.);
#1484=ORIENTED_EDGE('',*,*,#1121,.T.);
#1485=ORIENTED_EDGE('',*,*,#1139,.F.);
#1486=ORIENTED_EDGE('',*,*,#1096,.T.);
#1487=ORIENTED_EDGE('',*,*,#1124,.T.);
#1488=ORIENTED_EDGE('',*,*,#1127,.T.);
#1489=ORIENTED_EDGE('',*,*,#1140,.F.);
#1490=ORIENTED_EDGE('',*,*,#1141,.F.);
#1491=ORIENTED_EDGE('',*,*,#1142,.F.);
#1492=ORIENTED_EDGE('',*,*,#1143,.F.);
#1493=ORIENTED_EDGE('',*,*,#1144,.F.);
#1494=ORIENTED_EDGE('',*,*,#1145,.F.);
#1495=ORIENTED_EDGE('',*,*,#1146,.T.);
#1496=ORIENTED_EDGE('',*,*,#1147,.T.);
#1497=ORIENTED_EDGE('',*,*,#1148,.T.);
#1498=ORIENTED_EDGE('',*,*,#1149,.T.);
#1499=ORIENTED_EDGE('',*,*,#1150,.T.);
#1500=ORIENTED_EDGE('',*,*,#1151,.T.);
#1501=ORIENTED_EDGE('',*,*,#1152,.T.);
#1502=ORIENTED_EDGE('',*,*,#1153,.T.);
#1503=ORIENTED_EDGE('',*,*,#1154,.F.);
#1504=ORIENTED_EDGE('',*,*,#1155,.T.);
#1505=ORIENTED_EDGE('',*,*,#1156,.F.);
#1506=ORIENTED_EDGE('',*,*,#1157,.F.);
#1507=ORIENTED_EDGE('',*,*,#1158,.F.);
#1508=ORIENTED_EDGE('',*,*,#1159,.F.);
#1509=ORIENTED_EDGE('',*,*,#1160,.F.);
#1510=ORIENTED_EDGE('',*,*,#1161,.F.);
#1511=ORIENTED_EDGE('',*,*,#1049,.F.);
#1512=ORIENTED_EDGE('',*,*,#1136,.T.);
#1513=ORIENTED_EDGE('',*,*,#1106,.T.);
#1514=ORIENTED_EDGE('',*,*,#1162,.T.);
#1515=ORIENTED_EDGE('',*,*,#1104,.F.);
#1516=ORIENTED_EDGE('',*,*,#1163,.F.);
#1517=ORIENTED_EDGE('',*,*,#1164,.F.);
#1518=ORIENTED_EDGE('',*,*,#1100,.F.);
#1519=ORIENTED_EDGE('',*,*,#1165,.T.);
#1520=ORIENTED_EDGE('',*,*,#1166,.T.);
#1521=ORIENTED_EDGE('',*,*,#1167,.T.);
#1522=ORIENTED_EDGE('',*,*,#1168,.F.);
#1523=ORIENTED_EDGE('',*,*,#1167,.F.);
#1524=ORIENTED_EDGE('',*,*,#1166,.F.);
#1525=ORIENTED_EDGE('',*,*,#1169,.F.);
#1526=ORIENTED_EDGE('',*,*,#1170,.T.);
#1527=ORIENTED_EDGE('',*,*,#1171,.T.);
#1528=ORIENTED_EDGE('',*,*,#1170,.F.);
#1529=ORIENTED_EDGE('',*,*,#1171,.F.);
#1530=ORIENTED_EDGE('',*,*,#1168,.T.);
#1531=ORIENTED_EDGE('',*,*,#1172,.T.);
#1532=ORIENTED_EDGE('',*,*,#1172,.F.);
#1533=ORIENTED_EDGE('',*,*,#1173,.T.);
#1534=ORIENTED_EDGE('',*,*,#1174,.T.);
#1535=ORIENTED_EDGE('',*,*,#1173,.F.);
#1536=ORIENTED_EDGE('',*,*,#1175,.F.);
#1537=ORIENTED_EDGE('',*,*,#1176,.T.);
#1538=ORIENTED_EDGE('',*,*,#1177,.T.);
#1539=ORIENTED_EDGE('',*,*,#1178,.T.);
#1540=ORIENTED_EDGE('',*,*,#1179,.F.);
#1541=ORIENTED_EDGE('',*,*,#1178,.F.);
#1542=ORIENTED_EDGE('',*,*,#1180,.F.);
#1543=ORIENTED_EDGE('',*,*,#1065,.F.);
#1544=ORIENTED_EDGE('',*,*,#1181,.F.);
#1545=ORIENTED_EDGE('',*,*,#1066,.F.);
#1546=ORIENTED_EDGE('',*,*,#1180,.T.);
#1547=ORIENTED_EDGE('',*,*,#1177,.F.);
#1548=ORIENTED_EDGE('',*,*,#1182,.F.);
#1549=ORIENTED_EDGE('',*,*,#1175,.T.);
#1550=ORIENTED_EDGE('',*,*,#1179,.T.);
#1551=ORIENTED_EDGE('',*,*,#1064,.F.);
#1552=ORIENTED_EDGE('',*,*,#1183,.F.);
#1553=ORIENTED_EDGE('',*,*,#1155,.F.);
#1554=ORIENTED_EDGE('',*,*,#1184,.F.);
#1555=ORIENTED_EDGE('',*,*,#1185,.F.);
#1556=ORIENTED_EDGE('',*,*,#1186,.F.);
#1557=ORIENTED_EDGE('',*,*,#1187,.F.);
#1558=ORIENTED_EDGE('',*,*,#1188,.T.);
#1559=ORIENTED_EDGE('',*,*,#1189,.F.);
#1560=ORIENTED_EDGE('',*,*,#1079,.F.);
#1561=ORIENTED_EDGE('',*,*,#1190,.F.);
#1562=ORIENTED_EDGE('',*,*,#1191,.F.);
#1563=ORIENTED_EDGE('',*,*,#1191,.T.);
#1564=ORIENTED_EDGE('',*,*,#1192,.T.);
#1565=ORIENTED_EDGE('',*,*,#1193,.T.);
#1566=ORIENTED_EDGE('',*,*,#1194,.T.);
#1567=ORIENTED_EDGE('',*,*,#1195,.T.);
#1568=ORIENTED_EDGE('',*,*,#1190,.T.);
#1569=ORIENTED_EDGE('',*,*,#1078,.T.);
#1570=ORIENTED_EDGE('',*,*,#1196,.T.);
#1571=ORIENTED_EDGE('',*,*,#1192,.F.);
#1572=ORIENTED_EDGE('',*,*,#1197,.F.);
#1573=ORIENTED_EDGE('',*,*,#1188,.F.);
#1574=ORIENTED_EDGE('',*,*,#1198,.F.);
#1575=ORIENTED_EDGE('',*,*,#1199,.T.);
#1576=ORIENTED_EDGE('',*,*,#1200,.F.);
#1577=ORIENTED_EDGE('',*,*,#1201,.F.);
#1578=ORIENTED_EDGE('',*,*,#1202,.F.);
#1579=ORIENTED_EDGE('',*,*,#1185,.T.);
#1580=ORIENTED_EDGE('',*,*,#1183,.T.);
#1581=ORIENTED_EDGE('',*,*,#1063,.F.);
#1582=ORIENTED_EDGE('',*,*,#1203,.T.);
#1583=ORIENTED_EDGE('',*,*,#1156,.T.);
#1584=ORIENTED_EDGE('',*,*,#1189,.T.);
#1585=ORIENTED_EDGE('',*,*,#1197,.T.);
#1586=ORIENTED_EDGE('',*,*,#1204,.T.);
#1587=ORIENTED_EDGE('',*,*,#1205,.T.);
#1588=ORIENTED_EDGE('',*,*,#1206,.T.);
#1589=ORIENTED_EDGE('',*,*,#1207,.T.);
#1590=ORIENTED_EDGE('',*,*,#1080,.F.);
#1591=ORIENTED_EDGE('',*,*,#1186,.T.);
#1592=ORIENTED_EDGE('',*,*,#1202,.T.);
#1593=ORIENTED_EDGE('',*,*,#1208,.T.);
#1594=ORIENTED_EDGE('',*,*,#1198,.T.);
#1595=ORIENTED_EDGE('',*,*,#1187,.T.);
#1596=ORIENTED_EDGE('',*,*,#1195,.F.);
#1597=ORIENTED_EDGE('',*,*,#1209,.F.);
#1598=ORIENTED_EDGE('',*,*,#1210,.T.);
#1599=ORIENTED_EDGE('',*,*,#1211,.T.);
#1600=ORIENTED_EDGE('',*,*,#1212,.F.);
#1601=ORIENTED_EDGE('',*,*,#1213,.F.);
#1602=ORIENTED_EDGE('',*,*,#1214,.F.);
#1603=ORIENTED_EDGE('',*,*,#1215,.F.);
#1604=ORIENTED_EDGE('',*,*,#1216,.F.);
#1605=ORIENTED_EDGE('',*,*,#1176,.F.);
#1606=ORIENTED_EDGE('',*,*,#1101,.F.);
#1607=ORIENTED_EDGE('',*,*,#1164,.T.);
#1608=ORIENTED_EDGE('',*,*,#1217,.F.);
#1609=ORIENTED_EDGE('',*,*,#1218,.T.);
#1610=ORIENTED_EDGE('',*,*,#1219,.T.);
#1611=ORIENTED_EDGE('',*,*,#1220,.T.);
#1612=ORIENTED_EDGE('',*,*,#1221,.T.);
#1613=ORIENTED_EDGE('',*,*,#1222,.T.);
#1614=ORIENTED_EDGE('',*,*,#1223,.T.);
#1615=ORIENTED_EDGE('',*,*,#1224,.T.);
#1616=ORIENTED_EDGE('',*,*,#1225,.T.);
#1617=ORIENTED_EDGE('',*,*,#1226,.T.);
#1618=ORIENTED_EDGE('',*,*,#1227,.T.);
#1619=ORIENTED_EDGE('',*,*,#1228,.T.);
#1620=ORIENTED_EDGE('',*,*,#1229,.T.);
#1621=ORIENTED_EDGE('',*,*,#1108,.T.);
#1622=ORIENTED_EDGE('',*,*,#1135,.T.);
#1623=ORIENTED_EDGE('',*,*,#1131,.T.);
#1624=ORIENTED_EDGE('',*,*,#1128,.T.);
#1625=ORIENTED_EDGE('',*,*,#1122,.T.);
#1626=ORIENTED_EDGE('',*,*,#1119,.T.);
#1627=ORIENTED_EDGE('',*,*,#1116,.T.);
#1628=ORIENTED_EDGE('',*,*,#1113,.T.);
#1629=ORIENTED_EDGE('',*,*,#1218,.F.);
#1630=ORIENTED_EDGE('',*,*,#1230,.F.);
#1631=ORIENTED_EDGE('',*,*,#1102,.T.);
#1632=ORIENTED_EDGE('',*,*,#1217,.T.);
#1633=ORIENTED_EDGE('',*,*,#1163,.T.);
#1634=ORIENTED_EDGE('',*,*,#1103,.F.);
#1635=ORIENTED_EDGE('',*,*,#1230,.T.);
#1636=ORIENTED_EDGE('',*,*,#1054,.F.);
#1637=ORIENTED_EDGE('',*,*,#1138,.F.);
#1638=ORIENTED_EDGE('',*,*,#1231,.F.);
#1639=ORIENTED_EDGE('',*,*,#1090,.T.);
#1640=ORIENTED_EDGE('',*,*,#1126,.T.);
#1641=ORIENTED_EDGE('',*,*,#1232,.T.);
#1642=ORIENTED_EDGE('',*,*,#1097,.F.);
#1643=ORIENTED_EDGE('',*,*,#1139,.T.);
#1644=ORIENTED_EDGE('',*,*,#1133,.T.);
#1645=ORIENTED_EDGE('',*,*,#1091,.F.);
#1646=ORIENTED_EDGE('',*,*,#1231,.T.);
#1647=ORIENTED_EDGE('',*,*,#1137,.T.);
#1648=ORIENTED_EDGE('',*,*,#1130,.T.);
#1649=ORIENTED_EDGE('',*,*,#1087,.F.);
#1650=ORIENTED_EDGE('',*,*,#1233,.T.);
#1651=ORIENTED_EDGE('',*,*,#1140,.T.);
#1652=ORIENTED_EDGE('',*,*,#1141,.T.);
#1653=ORIENTED_EDGE('',*,*,#1233,.F.);
#1654=ORIENTED_EDGE('',*,*,#1086,.F.);
#1655=ORIENTED_EDGE('',*,*,#1234,.T.);
#1656=ORIENTED_EDGE('',*,*,#1142,.T.);
#1657=ORIENTED_EDGE('',*,*,#1234,.F.);
#1658=ORIENTED_EDGE('',*,*,#1085,.F.);
#1659=ORIENTED_EDGE('',*,*,#1235,.T.);
#1660=ORIENTED_EDGE('',*,*,#1143,.T.);
#1661=ORIENTED_EDGE('',*,*,#1235,.F.);
#1662=ORIENTED_EDGE('',*,*,#1084,.F.);
#1663=ORIENTED_EDGE('',*,*,#1236,.T.);
#1664=ORIENTED_EDGE('',*,*,#1144,.T.);
#1665=ORIENTED_EDGE('',*,*,#1236,.F.);
#1666=ORIENTED_EDGE('',*,*,#1083,.F.);
#1667=ORIENTED_EDGE('',*,*,#1237,.T.);
#1668=ORIENTED_EDGE('',*,*,#1145,.T.);
#1669=ORIENTED_EDGE('',*,*,#1237,.F.);
#1670=ORIENTED_EDGE('',*,*,#1082,.F.);
#1671=ORIENTED_EDGE('',*,*,#1238,.F.);
#1672=ORIENTED_EDGE('',*,*,#1157,.T.);
#1673=ORIENTED_EDGE('',*,*,#1203,.F.);
#1674=ORIENTED_EDGE('',*,*,#1062,.F.);
#1675=ORIENTED_EDGE('',*,*,#1239,.T.);
#1676=ORIENTED_EDGE('',*,*,#1158,.T.);
#1677=ORIENTED_EDGE('',*,*,#1239,.F.);
#1678=ORIENTED_EDGE('',*,*,#1061,.F.);
#1679=ORIENTED_EDGE('',*,*,#1240,.T.);
#1680=ORIENTED_EDGE('',*,*,#1159,.T.);
#1681=ORIENTED_EDGE('',*,*,#1240,.F.);
#1682=ORIENTED_EDGE('',*,*,#1060,.F.);
#1683=ORIENTED_EDGE('',*,*,#1241,.T.);
#1684=ORIENTED_EDGE('',*,*,#1160,.T.);
#1685=ORIENTED_EDGE('',*,*,#1241,.F.);
#1686=ORIENTED_EDGE('',*,*,#1059,.F.);
#1687=ORIENTED_EDGE('',*,*,#1242,.T.);
#1688=ORIENTED_EDGE('',*,*,#1161,.T.);
#1689=ORIENTED_EDGE('',*,*,#1242,.F.);
#1690=ORIENTED_EDGE('',*,*,#1058,.F.);
#1691=ORIENTED_EDGE('',*,*,#1050,.T.);
#1692=ORIENTED_EDGE('',*,*,#1184,.T.);
#1693=ORIENTED_EDGE('',*,*,#1154,.T.);
#1694=ORIENTED_EDGE('',*,*,#1243,.F.);
#1695=ORIENTED_EDGE('',*,*,#1244,.T.);
#1696=ORIENTED_EDGE('',*,*,#1205,.F.);
#1697=ORIENTED_EDGE('',*,*,#1245,.T.);
#1698=ORIENTED_EDGE('',*,*,#1200,.T.);
#1699=ORIENTED_EDGE('',*,*,#1208,.F.);
#1700=ORIENTED_EDGE('',*,*,#1201,.T.);
#1701=ORIENTED_EDGE('',*,*,#1245,.F.);
#1702=ORIENTED_EDGE('',*,*,#1204,.F.);
#1703=ORIENTED_EDGE('',*,*,#1199,.F.);
#1704=ORIENTED_EDGE('',*,*,#1181,.T.);
#1705=ORIENTED_EDGE('',*,*,#1246,.F.);
#1706=ORIENTED_EDGE('',*,*,#1247,.F.);
#1707=ORIENTED_EDGE('',*,*,#1067,.T.);
#1708=ORIENTED_EDGE('',*,*,#1248,.F.);
#1709=ORIENTED_EDGE('',*,*,#1249,.F.);
#1710=ORIENTED_EDGE('',*,*,#1174,.F.);
#1711=ORIENTED_EDGE('',*,*,#1125,.T.);
#1712=ORIENTED_EDGE('',*,*,#1098,.F.);
#1713=ORIENTED_EDGE('',*,*,#1232,.F.);
#1714=ORIENTED_EDGE('',*,*,#1169,.T.);
#1715=ORIENTED_EDGE('',*,*,#1250,.F.);
#1716=ORIENTED_EDGE('',*,*,#1248,.T.);
#1717=ORIENTED_EDGE('',*,*,#1251,.T.);
#1718=ORIENTED_EDGE('',*,*,#1152,.F.);
#1719=ORIENTED_EDGE('',*,*,#1252,.T.);
#1720=ORIENTED_EDGE('',*,*,#1249,.T.);
#1721=ORIENTED_EDGE('',*,*,#1252,.F.);
#1722=ORIENTED_EDGE('',*,*,#1151,.F.);
#1723=ORIENTED_EDGE('',*,*,#1253,.F.);
#1724=ORIENTED_EDGE('',*,*,#1254,.T.);
#1725=ORIENTED_EDGE('',*,*,#1243,.T.);
#1726=ORIENTED_EDGE('',*,*,#1153,.F.);
#1727=ORIENTED_EDGE('',*,*,#1251,.F.);
#1728=ORIENTED_EDGE('',*,*,#1255,.F.);
#1729=ORIENTED_EDGE('',*,*,#1256,.F.);
#1730=ORIENTED_EDGE('',*,*,#1257,.F.);
#1731=ORIENTED_EDGE('',*,*,#1206,.F.);
#1732=ORIENTED_EDGE('',*,*,#1244,.F.);
#1733=ORIENTED_EDGE('',*,*,#1254,.F.);
#1734=ORIENTED_EDGE('',*,*,#1258,.F.);
#1735=ORIENTED_EDGE('',*,*,#1259,.F.);
#1736=ORIENTED_EDGE('',*,*,#1260,.F.);
#1737=ORIENTED_EDGE('',*,*,#1261,.F.);
#1738=ORIENTED_EDGE('',*,*,#1262,.F.);
#1739=ORIENTED_EDGE('',*,*,#1263,.F.);
#1740=ORIENTED_EDGE('',*,*,#1264,.F.);
#1741=ORIENTED_EDGE('',*,*,#1265,.F.);
#1742=ORIENTED_EDGE('',*,*,#1266,.F.);
#1743=ORIENTED_EDGE('',*,*,#1267,.F.);
#1744=ORIENTED_EDGE('',*,*,#1268,.F.);
#1745=ORIENTED_EDGE('',*,*,#1269,.F.);
#1746=ORIENTED_EDGE('',*,*,#1270,.F.);
#1747=ORIENTED_EDGE('',*,*,#1271,.F.);
#1748=ORIENTED_EDGE('',*,*,#1272,.F.);
#1749=ORIENTED_EDGE('',*,*,#1273,.F.);
#1750=ORIENTED_EDGE('',*,*,#1274,.F.);
#1751=ORIENTED_EDGE('',*,*,#1271,.T.);
#1752=ORIENTED_EDGE('',*,*,#1275,.F.);
#1753=ORIENTED_EDGE('',*,*,#1276,.F.);
#1754=ORIENTED_EDGE('',*,*,#1277,.T.);
#1755=ORIENTED_EDGE('',*,*,#1270,.T.);
#1756=ORIENTED_EDGE('',*,*,#1278,.F.);
#1757=ORIENTED_EDGE('',*,*,#1279,.F.);
#1758=ORIENTED_EDGE('',*,*,#1275,.T.);
#1759=ORIENTED_EDGE('',*,*,#1269,.T.);
#1760=ORIENTED_EDGE('',*,*,#1280,.F.);
#1761=ORIENTED_EDGE('',*,*,#1281,.F.);
#1762=ORIENTED_EDGE('',*,*,#1278,.T.);
#1763=ORIENTED_EDGE('',*,*,#1268,.T.);
#1764=ORIENTED_EDGE('',*,*,#1282,.F.);
#1765=ORIENTED_EDGE('',*,*,#1283,.F.);
#1766=ORIENTED_EDGE('',*,*,#1280,.T.);
#1767=ORIENTED_EDGE('',*,*,#1284,.T.);
#1768=ORIENTED_EDGE('',*,*,#1255,.T.);
#1769=ORIENTED_EDGE('',*,*,#1285,.F.);
#1770=ORIENTED_EDGE('',*,*,#1286,.F.);
#1771=ORIENTED_EDGE('',*,*,#1287,.T.);
#1772=ORIENTED_EDGE('',*,*,#1288,.F.);
#1773=ORIENTED_EDGE('',*,*,#1147,.F.);
#1774=ORIENTED_EDGE('',*,*,#1289,.F.);
#1775=ORIENTED_EDGE('',*,*,#1256,.T.);
#1776=ORIENTED_EDGE('',*,*,#1284,.F.);
#1777=ORIENTED_EDGE('',*,*,#1290,.F.);
#1778=ORIENTED_EDGE('',*,*,#1291,.T.);
#1779=ORIENTED_EDGE('',*,*,#1148,.F.);
#1780=ORIENTED_EDGE('',*,*,#1291,.F.);
#1781=ORIENTED_EDGE('',*,*,#1292,.F.);
#1782=ORIENTED_EDGE('',*,*,#1293,.F.);
#1783=ORIENTED_EDGE('',*,*,#1260,.T.);
#1784=ORIENTED_EDGE('',*,*,#1294,.T.);
#1785=ORIENTED_EDGE('',*,*,#1149,.F.);
#1786=ORIENTED_EDGE('',*,*,#1294,.F.);
#1787=ORIENTED_EDGE('',*,*,#1259,.T.);
#1788=ORIENTED_EDGE('',*,*,#1295,.T.);
#1789=ORIENTED_EDGE('',*,*,#1150,.F.);
#1790=ORIENTED_EDGE('',*,*,#1295,.F.);
#1791=ORIENTED_EDGE('',*,*,#1258,.T.);
#1792=ORIENTED_EDGE('',*,*,#1253,.T.);
#1793=ORIENTED_EDGE('',*,*,#1238,.T.);
#1794=ORIENTED_EDGE('',*,*,#1081,.F.);
#1795=ORIENTED_EDGE('',*,*,#1207,.F.);
#1796=ORIENTED_EDGE('',*,*,#1257,.T.);
#1797=ORIENTED_EDGE('',*,*,#1289,.T.);
#1798=ORIENTED_EDGE('',*,*,#1146,.F.);
#1799=ORIENTED_EDGE('',*,*,#1250,.T.);
#1800=ORIENTED_EDGE('',*,*,#1296,.T.);
#1801=ORIENTED_EDGE('',*,*,#1165,.F.);
#1802=ORIENTED_EDGE('',*,*,#1296,.F.);
#1803=ORIENTED_EDGE('',*,*,#1070,.T.);
#1804=ORIENTED_EDGE('',*,*,#1297,.T.);
#1805=ORIENTED_EDGE('',*,*,#1298,.F.);
#1806=ORIENTED_EDGE('',*,*,#1222,.F.);
#1807=ORIENTED_EDGE('',*,*,#1299,.F.);
#1808=ORIENTED_EDGE('',*,*,#1069,.T.);
#1809=ORIENTED_EDGE('',*,*,#1300,.T.);
#1810=ORIENTED_EDGE('',*,*,#1301,.F.);
#1811=ORIENTED_EDGE('',*,*,#1297,.F.);
#1812=ORIENTED_EDGE('',*,*,#1068,.T.);
#1813=ORIENTED_EDGE('',*,*,#1247,.T.);
#1814=ORIENTED_EDGE('',*,*,#1302,.F.);
#1815=ORIENTED_EDGE('',*,*,#1303,.F.);
#1816=ORIENTED_EDGE('',*,*,#1304,.F.);
#1817=ORIENTED_EDGE('',*,*,#1305,.T.);
#1818=ORIENTED_EDGE('',*,*,#1306,.F.);
#1819=ORIENTED_EDGE('',*,*,#1307,.F.);
#1820=ORIENTED_EDGE('',*,*,#1308,.F.);
#1821=ORIENTED_EDGE('',*,*,#1300,.F.);
#1822=ORIENTED_EDGE('',*,*,#1077,.T.);
#1823=ORIENTED_EDGE('',*,*,#1309,.T.);
#1824=ORIENTED_EDGE('',*,*,#1193,.F.);
#1825=ORIENTED_EDGE('',*,*,#1196,.F.);
#1826=ORIENTED_EDGE('',*,*,#1076,.T.);
#1827=ORIENTED_EDGE('',*,*,#1310,.F.);
#1828=ORIENTED_EDGE('',*,*,#1227,.F.);
#1829=ORIENTED_EDGE('',*,*,#1311,.F.);
#1830=ORIENTED_EDGE('',*,*,#1312,.F.);
#1831=ORIENTED_EDGE('',*,*,#1313,.F.);
#1832=ORIENTED_EDGE('',*,*,#1314,.F.);
#1833=ORIENTED_EDGE('',*,*,#1315,.F.);
#1834=ORIENTED_EDGE('',*,*,#1316,.F.);
#1835=ORIENTED_EDGE('',*,*,#1194,.F.);
#1836=ORIENTED_EDGE('',*,*,#1309,.F.);
#1837=ORIENTED_EDGE('',*,*,#1071,.T.);
#1838=ORIENTED_EDGE('',*,*,#1299,.T.);
#1839=ORIENTED_EDGE('',*,*,#1221,.F.);
#1840=ORIENTED_EDGE('',*,*,#1317,.F.);
#1841=ORIENTED_EDGE('',*,*,#1072,.T.);
#1842=ORIENTED_EDGE('',*,*,#1317,.T.);
#1843=ORIENTED_EDGE('',*,*,#1220,.F.);
#1844=ORIENTED_EDGE('',*,*,#1318,.F.);
#1845=ORIENTED_EDGE('',*,*,#1073,.T.);
#1846=ORIENTED_EDGE('',*,*,#1318,.T.);
#1847=ORIENTED_EDGE('',*,*,#1219,.F.);
#1848=ORIENTED_EDGE('',*,*,#1319,.F.);
#1849=ORIENTED_EDGE('',*,*,#1074,.T.);
#1850=ORIENTED_EDGE('',*,*,#1319,.T.);
#1851=ORIENTED_EDGE('',*,*,#1229,.F.);
#1852=ORIENTED_EDGE('',*,*,#1320,.F.);
#1853=ORIENTED_EDGE('',*,*,#1075,.T.);
#1854=ORIENTED_EDGE('',*,*,#1320,.T.);
#1855=ORIENTED_EDGE('',*,*,#1228,.F.);
#1856=ORIENTED_EDGE('',*,*,#1310,.T.);
#1857=ORIENTED_EDGE('',*,*,#1111,.T.);
#1858=ORIENTED_EDGE('',*,*,#1094,.T.);
#1859=ORIENTED_EDGE('',*,*,#1105,.T.);
#1860=ORIENTED_EDGE('',*,*,#1162,.F.);
#1861=ORIENTED_EDGE('',*,*,#1321,.F.);
#1862=ORIENTED_EDGE('',*,*,#1322,.F.);
#1863=ORIENTED_EDGE('',*,*,#1323,.F.);
#1864=ORIENTED_EDGE('',*,*,#1324,.F.);
#1865=ORIENTED_EDGE('',*,*,#1226,.F.);
#1866=ORIENTED_EDGE('',*,*,#1325,.F.);
#1867=ORIENTED_EDGE('',*,*,#1326,.F.);
#1868=ORIENTED_EDGE('',*,*,#1327,.T.);
#1869=ORIENTED_EDGE('',*,*,#1328,.F.);
#1870=ORIENTED_EDGE('',*,*,#1308,.T.);
#1871=ORIENTED_EDGE('',*,*,#1329,.F.);
#1872=ORIENTED_EDGE('',*,*,#1326,.T.);
#1873=ORIENTED_EDGE('',*,*,#1330,.T.);
#1874=ORIENTED_EDGE('',*,*,#1298,.T.);
#1875=ORIENTED_EDGE('',*,*,#1301,.T.);
#1876=ORIENTED_EDGE('',*,*,#1311,.T.);
#1877=ORIENTED_EDGE('',*,*,#1324,.T.);
#1878=ORIENTED_EDGE('',*,*,#1331,.F.);
#1879=ORIENTED_EDGE('',*,*,#1307,.T.);
#1880=ORIENTED_EDGE('',*,*,#1332,.F.);
#1881=ORIENTED_EDGE('',*,*,#1327,.F.);
#1882=ORIENTED_EDGE('',*,*,#1329,.T.);
#1883=ORIENTED_EDGE('',*,*,#1312,.T.);
#1884=ORIENTED_EDGE('',*,*,#1331,.T.);
#1885=ORIENTED_EDGE('',*,*,#1323,.T.);
#1886=ORIENTED_EDGE('',*,*,#1333,.F.);
#1887=ORIENTED_EDGE('',*,*,#1182,.T.);
#1888=ORIENTED_EDGE('',*,*,#1216,.T.);
#1889=ORIENTED_EDGE('',*,*,#1302,.T.);
#1890=ORIENTED_EDGE('',*,*,#1246,.T.);
#1891=ORIENTED_EDGE('',*,*,#1334,.F.);
#1892=ORIENTED_EDGE('',*,*,#1224,.F.);
#1893=ORIENTED_EDGE('',*,*,#1335,.T.);
#1894=ORIENTED_EDGE('',*,*,#1336,.F.);
#1895=ORIENTED_EDGE('',*,*,#1303,.T.);
#1896=ORIENTED_EDGE('',*,*,#1215,.T.);
#1897=ORIENTED_EDGE('',*,*,#1337,.F.);
#1898=ORIENTED_EDGE('',*,*,#1316,.T.);
#1899=ORIENTED_EDGE('',*,*,#1338,.T.);
#1900=ORIENTED_EDGE('',*,*,#1209,.T.);
#1901=ORIENTED_EDGE('',*,*,#1335,.F.);
#1902=ORIENTED_EDGE('',*,*,#1223,.F.);
#1903=ORIENTED_EDGE('',*,*,#1330,.F.);
#1904=ORIENTED_EDGE('',*,*,#1325,.T.);
#1905=ORIENTED_EDGE('',*,*,#1339,.F.);
#1906=ORIENTED_EDGE('',*,*,#1304,.T.);
#1907=ORIENTED_EDGE('',*,*,#1337,.T.);
#1908=ORIENTED_EDGE('',*,*,#1214,.T.);
#1909=ORIENTED_EDGE('',*,*,#1340,.T.);
#1910=ORIENTED_EDGE('',*,*,#1315,.T.);
#1911=ORIENTED_EDGE('',*,*,#1341,.T.);
#1912=ORIENTED_EDGE('',*,*,#1210,.F.);
#1913=ORIENTED_EDGE('',*,*,#1338,.F.);
#1914=ORIENTED_EDGE('',*,*,#1321,.T.);
#1915=ORIENTED_EDGE('',*,*,#1225,.F.);
#1916=ORIENTED_EDGE('',*,*,#1334,.T.);
#1917=ORIENTED_EDGE('',*,*,#1342,.F.);
#1918=ORIENTED_EDGE('',*,*,#1263,.T.);
#1919=ORIENTED_EDGE('',*,*,#1343,.F.);
#1920=ORIENTED_EDGE('',*,*,#1344,.F.);
#1921=ORIENTED_EDGE('',*,*,#1345,.F.);
#1922=ORIENTED_EDGE('',*,*,#1262,.T.);
#1923=ORIENTED_EDGE('',*,*,#1346,.F.);
#1924=ORIENTED_EDGE('',*,*,#1347,.F.);
#1925=ORIENTED_EDGE('',*,*,#1343,.T.);
#1926=ORIENTED_EDGE('',*,*,#1348,.F.);
#1927=ORIENTED_EDGE('',*,*,#1287,.F.);
#1928=ORIENTED_EDGE('',*,*,#1349,.F.);
#1929=ORIENTED_EDGE('',*,*,#1350,.T.);
#1930=ORIENTED_EDGE('',*,*,#1266,.T.);
#1931=ORIENTED_EDGE('',*,*,#1351,.F.);
#1932=ORIENTED_EDGE('',*,*,#1352,.F.);
#1933=ORIENTED_EDGE('',*,*,#1285,.T.);
#1934=ORIENTED_EDGE('',*,*,#1265,.T.);
#1935=ORIENTED_EDGE('',*,*,#1353,.F.);
#1936=ORIENTED_EDGE('',*,*,#1354,.F.);
#1937=ORIENTED_EDGE('',*,*,#1351,.T.);
#1938=ORIENTED_EDGE('',*,*,#1264,.T.);
#1939=ORIENTED_EDGE('',*,*,#1345,.T.);
#1940=ORIENTED_EDGE('',*,*,#1355,.F.);
#1941=ORIENTED_EDGE('',*,*,#1353,.T.);
#1942=ORIENTED_EDGE('',*,*,#1290,.T.);
#1943=ORIENTED_EDGE('',*,*,#1288,.T.);
#1944=ORIENTED_EDGE('',*,*,#1348,.T.);
#1945=ORIENTED_EDGE('',*,*,#1356,.T.);
#1946=ORIENTED_EDGE('',*,*,#1292,.T.);
#1947=ORIENTED_EDGE('',*,*,#1357,.T.);
#1948=ORIENTED_EDGE('',*,*,#1313,.T.);
#1949=ORIENTED_EDGE('',*,*,#1333,.T.);
#1950=ORIENTED_EDGE('',*,*,#1322,.T.);
#1951=ORIENTED_EDGE('',*,*,#1342,.T.);
#1952=ORIENTED_EDGE('',*,*,#1336,.T.);
#1953=ORIENTED_EDGE('',*,*,#1339,.T.);
#1954=ORIENTED_EDGE('',*,*,#1328,.T.);
#1955=ORIENTED_EDGE('',*,*,#1332,.T.);
#1956=ORIENTED_EDGE('',*,*,#1306,.T.);
#1957=ORIENTED_EDGE('',*,*,#1358,.T.);
#1958=ORIENTED_EDGE('',*,*,#1212,.T.);
#1959=ORIENTED_EDGE('',*,*,#1359,.T.);
#1960=ORIENTED_EDGE('',*,*,#1360,.T.);
#1961=ORIENTED_EDGE('',*,*,#1361,.T.);
#1962=ORIENTED_EDGE('',*,*,#1362,.T.);
#1963=ORIENTED_EDGE('',*,*,#1276,.T.);
#1964=ORIENTED_EDGE('',*,*,#1279,.T.);
#1965=ORIENTED_EDGE('',*,*,#1281,.T.);
#1966=ORIENTED_EDGE('',*,*,#1283,.T.);
#1967=ORIENTED_EDGE('',*,*,#1286,.T.);
#1968=ORIENTED_EDGE('',*,*,#1352,.T.);
#1969=ORIENTED_EDGE('',*,*,#1354,.T.);
#1970=ORIENTED_EDGE('',*,*,#1355,.T.);
#1971=ORIENTED_EDGE('',*,*,#1344,.T.);
#1972=ORIENTED_EDGE('',*,*,#1347,.T.);
#1973=ORIENTED_EDGE('',*,*,#1363,.T.);
#1974=ORIENTED_EDGE('',*,*,#1349,.T.);
#1975=ORIENTED_EDGE('',*,*,#1341,.F.);
#1976=ORIENTED_EDGE('',*,*,#1314,.T.);
#1977=ORIENTED_EDGE('',*,*,#1357,.F.);
#1978=ORIENTED_EDGE('',*,*,#1211,.F.);
#1979=ORIENTED_EDGE('',*,*,#1340,.F.);
#1980=ORIENTED_EDGE('',*,*,#1213,.T.);
#1981=ORIENTED_EDGE('',*,*,#1358,.F.);
#1982=ORIENTED_EDGE('',*,*,#1305,.F.);
#1983=ORIENTED_EDGE('',*,*,#1293,.T.);
#1984=ORIENTED_EDGE('',*,*,#1356,.F.);
#1985=ORIENTED_EDGE('',*,*,#1350,.F.);
#1986=ORIENTED_EDGE('',*,*,#1363,.F.);
#1987=ORIENTED_EDGE('',*,*,#1346,.T.);
#1988=ORIENTED_EDGE('',*,*,#1261,.T.);
#1989=ORIENTED_EDGE('',*,*,#1274,.T.);
#1990=ORIENTED_EDGE('',*,*,#1364,.F.);
#1991=ORIENTED_EDGE('',*,*,#1360,.F.);
#1992=ORIENTED_EDGE('',*,*,#1365,.T.);
#1993=ORIENTED_EDGE('',*,*,#1273,.T.);
#1994=ORIENTED_EDGE('',*,*,#1366,.F.);
#1995=ORIENTED_EDGE('',*,*,#1361,.F.);
#1996=ORIENTED_EDGE('',*,*,#1364,.T.);
#1997=ORIENTED_EDGE('',*,*,#1272,.T.);
#1998=ORIENTED_EDGE('',*,*,#1277,.F.);
#1999=ORIENTED_EDGE('',*,*,#1362,.F.);
#2000=ORIENTED_EDGE('',*,*,#1366,.T.);
#2001=ORIENTED_EDGE('',*,*,#1267,.T.);
#2002=ORIENTED_EDGE('',*,*,#1365,.F.);
#2003=ORIENTED_EDGE('',*,*,#1359,.F.);
#2004=ORIENTED_EDGE('',*,*,#1282,.T.);
#2005=PLANE('',#2202);
#2006=PLANE('',#2206);
#2007=PLANE('',#2219);
#2008=PLANE('',#2229);
#2009=PLANE('',#2233);
#2010=PLANE('',#2237);
#2011=PLANE('',#2241);
#2012=PLANE('',#2245);
#2013=PLANE('',#2247);
#2014=PLANE('',#2263);
#2015=PLANE('',#2267);
#2016=PLANE('',#2268);
#2017=PLANE('',#2272);
#2018=PLANE('',#2273);
#2019=PLANE('',#2274);
#2020=PLANE('',#2275);
#2021=PLANE('',#2276);
#2022=PLANE('',#2277);
#2023=PLANE('',#2279);
#2024=PLANE('',#2285);
#2025=PLANE('',#2286);
#2026=PLANE('',#2287);
#2027=PLANE('',#2288);
#2028=PLANE('',#2289);
#2029=PLANE('',#2295);
#2030=PLANE('',#2296);
#2031=PLANE('',#2300);
#2032=PLANE('',#2302);
#2033=PLANE('',#2304);
#2034=PLANE('',#2305);
#2035=PLANE('',#2307);
#2036=PLANE('',#2308);
#2037=PLANE('',#2310);
#2038=PLANE('',#2314);
#2039=PLANE('',#2315);
#2040=PLANE('',#2316);
#2041=PLANE('',#2318);
#2042=PLANE('',#2319);
#2043=PLANE('',#2322);
#2044=PLANE('',#2323);
#2045=PLANE('',#2335);
#2046=PLANE('',#2338);
#2047=PLANE('',#2344);
#2048=PLANE('',#2347);
#2049=PLANE('',#2351);
#2050=PLANE('',#2352);
#2051=PLANE('',#2358);
#2052=PLANE('',#2364);
#2053=PLANE('',#2365);
#2054=PLANE('',#2367);
#2055=PLANE('',#2369);
#2056=PLANE('',#2370);
#2057=PLANE('',#2371);
#2058=PLANE('',#2373);
#2059=PLANE('',#2374);
#2060=PLANE('',#2375);
#2061=PLANE('',#2376);
#2062=PLANE('',#2377);
#2063=PLANE('',#2378);
#2064=PLANE('',#2379);
#2065=PLANE('',#2382);
#2066=PLANE('',#2383);
#2067=PLANE('',#2388);
#2068=PLANE('',#2389);
#2069=PLANE('',#2390);
#2070=PLANE('',#2393);
#2071=PLANE('',#2394);
#2072=PLANE('',#2396);
#2073=PLANE('',#2400);
#2074=PLANE('',#2401);
#2075=PLANE('',#2404);
#2076=PLANE('',#2406);
#2077=ADVANCED_FACE('',(#158),#2005,.F.);
#2078=ADVANCED_FACE('',(#159),#119,.F.);
#2079=ADVANCED_FACE('',(#160),#2006,.F.);
#2080=ADVANCED_FACE('',(#161),#2007,.F.);
#2081=ADVANCED_FACE('',(#162),#120,.T.);
#2082=ADVANCED_FACE('',(#163),#121,.F.);
#2083=ADVANCED_FACE('',(#164),#2008,.F.);
#2084=ADVANCED_FACE('',(#165),#122,.F.);
#2085=ADVANCED_FACE('',(#166),#2009,.F.);
#2086=ADVANCED_FACE('',(#167),#123,.F.);
#2087=ADVANCED_FACE('',(#168),#2010,.F.);
#2088=ADVANCED_FACE('',(#169),#124,.F.);
#2089=ADVANCED_FACE('',(#170),#2011,.F.);
#2090=ADVANCED_FACE('',(#171),#125,.F.);
#2091=ADVANCED_FACE('',(#172),#2012,.F.);
#2092=ADVANCED_FACE('',(#173,#16),#2013,.F.);
#2093=ADVANCED_FACE('',(#174),#126,.T.);
#2094=ADVANCED_FACE('',(#175),#2014,.T.);
#2095=ADVANCED_FACE('',(#176),#127,.T.);
#2096=ADVANCED_FACE('',(#177,#17),#2015,.F.);
#2097=ADVANCED_FACE('',(#178),#2016,.F.);
#2098=ADVANCED_FACE('',(#179),#128,.T.);
#2099=ADVANCED_FACE('',(#180),#2017,.F.);
#2100=ADVANCED_FACE('',(#181),#2018,.T.);
#2101=ADVANCED_FACE('',(#182),#2019,.F.);
#2102=ADVANCED_FACE('',(#183),#2020,.F.);
#2103=ADVANCED_FACE('',(#184),#2021,.F.);
#2104=ADVANCED_FACE('',(#185),#2022,.T.);
#2105=ADVANCED_FACE('',(#186),#2023,.T.);
#2106=ADVANCED_FACE('',(#187),#129,.F.);
#2107=ADVANCED_FACE('',(#188),#130,.F.);
#2108=ADVANCED_FACE('',(#189),#2024,.F.);
#2109=ADVANCED_FACE('',(#190),#2025,.F.);
#2110=ADVANCED_FACE('',(#191),#2026,.F.);
#2111=ADVANCED_FACE('',(#192),#2027,.T.);
#2112=ADVANCED_FACE('',(#193,#18,#19),#2028,.T.);
#2113=ADVANCED_FACE('',(#194),#2029,.T.);
#2114=ADVANCED_FACE('',(#195),#2030,.T.);
#2115=ADVANCED_FACE('',(#196),#131,.F.);
#2116=ADVANCED_FACE('',(#197),#132,.F.);
#2117=ADVANCED_FACE('',(#198),#2031,.F.);
#2118=ADVANCED_FACE('',(#199),#133,.F.);
#2119=ADVANCED_FACE('',(#200),#2032,.F.);
#2120=ADVANCED_FACE('',(#201),#134,.F.);
#2121=ADVANCED_FACE('',(#202),#2033,.F.);
#2122=ADVANCED_FACE('',(#203),#2034,.F.);
#2123=ADVANCED_FACE('',(#204),#135,.F.);
#2124=ADVANCED_FACE('',(#205),#2035,.F.);
#2125=ADVANCED_FACE('',(#206),#2036,.F.);
#2126=ADVANCED_FACE('',(#207),#136,.F.);
#2127=ADVANCED_FACE('',(#208),#2037,.F.);
#2128=ADVANCED_FACE('',(#209),#137,.F.);
#2129=ADVANCED_FACE('',(#210),#2038,.F.);
#2130=ADVANCED_FACE('',(#211),#2039,.T.);
#2131=ADVANCED_FACE('',(#212,#20),#2040,.F.);
#2132=ADVANCED_FACE('',(#213,#21),#2041,.F.);
#2133=ADVANCED_FACE('',(#214),#2042,.F.);
#2134=ADVANCED_FACE('',(#215),#138,.T.);
#2135=ADVANCED_FACE('',(#216),#2043,.F.);
#2136=ADVANCED_FACE('',(#217,#22),#2044,.F.);
#2137=ADVANCED_FACE('',(#218),#2045,.F.);
#2138=ADVANCED_FACE('',(#219),#139,.F.);
#2139=ADVANCED_FACE('',(#220),#2046,.F.);
#2140=ADVANCED_FACE('',(#221),#140,.F.);
#2141=ADVANCED_FACE('',(#222),#141,.F.);
#2142=ADVANCED_FACE('',(#223),#2047,.F.);
#2143=ADVANCED_FACE('',(#224),#142,.F.);
#2144=ADVANCED_FACE('',(#225),#2048,.F.);
#2145=ADVANCED_FACE('',(#226),#143,.F.);
#2146=ADVANCED_FACE('',(#227),#144,.F.);
#2147=ADVANCED_FACE('',(#228),#145,.T.);
#2148=ADVANCED_FACE('',(#229),#2049,.T.);
#2149=ADVANCED_FACE('',(#230),#2050,.T.);
#2150=ADVANCED_FACE('',(#231),#146,.T.);
#2151=ADVANCED_FACE('',(#232),#2051,.T.);
#2152=ADVANCED_FACE('',(#233),#147,.T.);
#2153=ADVANCED_FACE('',(#234),#148,.T.);
#2154=ADVANCED_FACE('',(#235),#2052,.T.);
#2155=ADVANCED_FACE('',(#236),#2053,.T.);
#2156=ADVANCED_FACE('',(#237),#149,.T.);
#2157=ADVANCED_FACE('',(#238),#2054,.T.);
#2158=ADVANCED_FACE('',(#239),#150,.T.);
#2159=ADVANCED_FACE('',(#240),#2055,.T.);
#2160=ADVANCED_FACE('',(#241),#2056,.T.);
#2161=ADVANCED_FACE('',(#242),#2057,.T.);
#2162=ADVANCED_FACE('',(#243),#2058,.T.);
#2163=ADVANCED_FACE('',(#244),#2059,.T.);
#2164=ADVANCED_FACE('',(#245),#2060,.T.);
#2165=ADVANCED_FACE('',(#246),#2061,.T.);
#2166=ADVANCED_FACE('',(#247),#2062,.T.);
#2167=ADVANCED_FACE('',(#248),#2063,.T.);
#2168=ADVANCED_FACE('',(#249),#2064,.T.);
#2169=ADVANCED_FACE('',(#250),#151,.T.);
#2170=ADVANCED_FACE('',(#251),#2065,.T.);
#2171=ADVANCED_FACE('',(#252),#2066,.T.);
#2172=ADVANCED_FACE('',(#253),#152,.T.);
#2173=ADVANCED_FACE('',(#254),#153,.F.);
#2174=ADVANCED_FACE('',(#255),#2067,.F.);
#2175=ADVANCED_FACE('',(#256),#2068,.F.);
#2176=ADVANCED_FACE('',(#257),#2069,.F.);
#2177=ADVANCED_FACE('',(#258),#154,.F.);
#2178=ADVANCED_FACE('',(#259),#2070,.F.);
#2179=ADVANCED_FACE('',(#260),#2071,.F.);
#2180=ADVANCED_FACE('',(#261,#23,#24),#2072,.T.);
#2181=ADVANCED_FACE('',(#262),#2073,.T.);
#2182=ADVANCED_FACE('',(#263),#2074,.T.);
#2183=ADVANCED_FACE('',(#264),#155,.F.);
#2184=ADVANCED_FACE('',(#265),#156,.F.);
#2185=ADVANCED_FACE('',(#266),#2075,.F.);
#2186=ADVANCED_FACE('',(#267),#157,.F.);
#2187=ADVANCED_FACE('',(#268),#2076,.F.);
#2188=CLOSED_SHELL('',(#2077,#2078,#2079,#2080,#2081,#2082,#2083,#2084,
#2085,#2086,#2087,#2088,#2089,#2090,#2091,#2092,#2093,#2094,#2095,#2096,
#2097,#2098,#2099,#2100,#2101,#2102,#2103,#2104,#2105,#2106,#2107,#2108,
#2109,#2110,#2111,#2112,#2113,#2114,#2115,#2116,#2117,#2118,#2119,#2120,
#2121,#2122,#2123,#2124,#2125,#2126,#2127,#2128,#2129,#2130,#2131,#2132,
#2133,#2134,#2135,#2136,#2137,#2138,#2139,#2140,#2141,#2142,#2143,#2144,
#2145,#2146,#2147,#2148,#2149,#2150,#2151,#2152,#2153,#2154,#2155,#2156,
#2157,#2158,#2159,#2160,#2161,#2162,#2163,#2164,#2165,#2166,#2167,#2168,
#2169,#2170,#2171,#2172,#2173,#2174,#2175,#2176,#2177,#2178,#2179,#2180,
#2181,#2182,#2183,#2184,#2185,#2186,#2187));
#2189=DERIVED_UNIT_ELEMENT(#2191,1.);
#2190=DERIVED_UNIT_ELEMENT(#3701,-3.);
#2191=(
MASS_UNIT()
NAMED_UNIT(*)
SI_UNIT(.KILO.,.GRAM.)
);
#2192=DERIVED_UNIT((#2189,#2190));
#2193=MEASURE_REPRESENTATION_ITEM('density measure',
POSITIVE_RATIO_MEASURE(7850.),#2192);
#2194=PROPERTY_DEFINITION_REPRESENTATION(#2199,#2196);
#2195=PROPERTY_DEFINITION_REPRESENTATION(#2200,#2197);
#2196=REPRESENTATION('material name',(#2198),#3698);
#2197=REPRESENTATION('density',(#2193),#3698);
#2198=DESCRIPTIVE_REPRESENTATION_ITEM('Steel','Steel');
#2199=PROPERTY_DEFINITION('material property','material name',#3708);
#2200=PROPERTY_DEFINITION('material property','density of part',#3708);
#2201=AXIS2_PLACEMENT_3D('',#3043,#2407,#2408);
#2202=AXIS2_PLACEMENT_3D('',#3044,#2409,#2410);
#2203=AXIS2_PLACEMENT_3D('',#3053,#2415,#2416);
#2204=AXIS2_PLACEMENT_3D('',#3058,#2418,#2419);
#2205=AXIS2_PLACEMENT_3D('',#3061,#2421,#2422);
#2206=AXIS2_PLACEMENT_3D('',#3062,#2423,#2424);
#2207=AXIS2_PLACEMENT_3D('',#3066,#2426,#2427);
#2208=AXIS2_PLACEMENT_3D('',#3070,#2429,#2430);
#2209=AXIS2_PLACEMENT_3D('',#3076,#2433,#2434);
#2210=AXIS2_PLACEMENT_3D('',#3088,#2440,#2441);
#2211=AXIS2_PLACEMENT_3D('',#3094,#2444,#2445);
#2212=AXIS2_PLACEMENT_3D('',#3100,#2448,#2449);
#2213=AXIS2_PLACEMENT_3D('',#3104,#2451,#2452);
#2214=AXIS2_PLACEMENT_3D('',#3114,#2457,#2458);
#2215=AXIS2_PLACEMENT_3D('',#3120,#2461,#2462);
#2216=AXIS2_PLACEMENT_3D('',#3124,#2464,#2465);
#2217=AXIS2_PLACEMENT_3D('',#3128,#2467,#2468);
#2218=AXIS2_PLACEMENT_3D('',#3132,#2471,#2472);
#2219=AXIS2_PLACEMENT_3D('',#3133,#2473,#2474);
#2220=AXIS2_PLACEMENT_3D('',#3138,#2476,#2477);
#2221=AXIS2_PLACEMENT_3D('',#3139,#2478,#2479);
#2222=AXIS2_PLACEMENT_3D('',#3140,#2480,#2481);
#2223=AXIS2_PLACEMENT_3D('',#3145,#2483,#2484);
#2224=AXIS2_PLACEMENT_3D('',#3148,#2486,#2487);
#2225=AXIS2_PLACEMENT_3D('',#3149,#2488,#2489);
#2226=AXIS2_PLACEMENT_3D('',#3153,#2491,#2492);
#2227=AXIS2_PLACEMENT_3D('',#3157,#2494,#2495);
#2228=AXIS2_PLACEMENT_3D('',#3161,#2497,#2498);
#2229=AXIS2_PLACEMENT_3D('',#3163,#2500,#2501);
#2230=AXIS2_PLACEMENT_3D('',#3175,#2508,#2509);
#2231=AXIS2_PLACEMENT_3D('',#3177,#2510,#2511);
#2232=AXIS2_PLACEMENT_3D('',#3179,#2512,#2513);
#2233=AXIS2_PLACEMENT_3D('',#3181,#2515,#2516);
#2234=AXIS2_PLACEMENT_3D('',#3187,#2520,#2521);
#2235=AXIS2_PLACEMENT_3D('',#3189,#2522,#2523);
#2236=AXIS2_PLACEMENT_3D('',#3191,#2524,#2525);
#2237=AXIS2_PLACEMENT_3D('',#3193,#2527,#2528);
#2238=AXIS2_PLACEMENT_3D('',#3204,#2535,#2536);
#2239=AXIS2_PLACEMENT_3D('',#3206,#2537,#2538);
#2240=AXIS2_PLACEMENT_3D('',#3208,#2539,#2540);
#2241=AXIS2_PLACEMENT_3D('',#3211,#2543,#2544);
#2242=AXIS2_PLACEMENT_3D('',#3218,#2549,#2550);
#2243=AXIS2_PLACEMENT_3D('',#3219,#2551,#2552);
#2244=AXIS2_PLACEMENT_3D('',#3220,#2553,#2554);
#2245=AXIS2_PLACEMENT_3D('',#3221,#2555,#2556);
#2246=AXIS2_PLACEMENT_3D('',#3223,#2557,#2558);
#2247=AXIS2_PLACEMENT_3D('',#3225,#2560,#2561);
#2248=AXIS2_PLACEMENT_3D('',#3226,#2562,#2563);
#2249=AXIS2_PLACEMENT_3D('',#3230,#2565,#2566);
#2250=AXIS2_PLACEMENT_3D('',#3234,#2568,#2569);
#2251=AXIS2_PLACEMENT_3D('',#3240,#2572,#2573);
#2252=AXIS2_PLACEMENT_3D('',#3244,#2575,#2576);
#2253=AXIS2_PLACEMENT_3D('',#3248,#2578,#2579);
#2254=AXIS2_PLACEMENT_3D('',#3252,#2581,#2582);
#2255=AXIS2_PLACEMENT_3D('',#3256,#2584,#2585);
#2256=AXIS2_PLACEMENT_3D('',#3262,#2588,#2589);
#2257=AXIS2_PLACEMENT_3D('',#3268,#2592,#2593);
#2258=AXIS2_PLACEMENT_3D('',#3270,#2595,#2596);
#2259=AXIS2_PLACEMENT_3D('',#3275,#2599,#2600);
#2260=AXIS2_PLACEMENT_3D('',#3276,#2601,#2602);
#2261=AXIS2_PLACEMENT_3D('',#3278,#2603,#2604);
#2262=AXIS2_PLACEMENT_3D('',#3281,#2606,#2607);
#2263=AXIS2_PLACEMENT_3D('',#3282,#2608,#2609);
#2264=AXIS2_PLACEMENT_3D('',#3283,#2610,#2611);
#2265=AXIS2_PLACEMENT_3D('',#3285,#2612,#2613);
#2266=AXIS2_PLACEMENT_3D('',#3288,#2615,#2616);
#2267=AXIS2_PLACEMENT_3D('',#3289,#2617,#2618);
#2268=AXIS2_PLACEMENT_3D('',#3290,#2619,#2620);
#2269=AXIS2_PLACEMENT_3D('',#3292,#2621,#2622);
#2270=AXIS2_PLACEMENT_3D('',#3293,#2623,#2624);
#2271=AXIS2_PLACEMENT_3D('',#3296,#2626,#2627);
#2272=AXIS2_PLACEMENT_3D('',#3297,#2628,#2629);
#2273=AXIS2_PLACEMENT_3D('',#3306,#2634,#2635);
#2274=AXIS2_PLACEMENT_3D('',#3309,#2638,#2639);
#2275=AXIS2_PLACEMENT_3D('',#3313,#2642,#2643);
#2276=AXIS2_PLACEMENT_3D('',#3320,#2648,#2649);
#2277=AXIS2_PLACEMENT_3D('',#3330,#2655,#2656);
#2278=AXIS2_PLACEMENT_3D('',#3336,#2659,#2660);
#2279=AXIS2_PLACEMENT_3D('',#3338,#2662,#2663);
#2280=AXIS2_PLACEMENT_3D('',#3340,#2665,#2666);
#2281=AXIS2_PLACEMENT_3D('',#3342,#2667,#2668);
#2282=AXIS2_PLACEMENT_3D('',#3344,#2669,#2670);
#2283=AXIS2_PLACEMENT_3D('',#3346,#2672,#2673);
#2284=AXIS2_PLACEMENT_3D('',#3362,#2675,#2676);
#2285=AXIS2_PLACEMENT_3D('',#3363,#2677,#2678);
#2286=AXIS2_PLACEMENT_3D('',#3365,#2680,#2681);
#2287=AXIS2_PLACEMENT_3D('',#3373,#2686,#2687);
#2288=AXIS2_PLACEMENT_3D('',#3390,#2697,#2698);
#2289=AXIS2_PLACEMENT_3D('',#3394,#2701,#2702);
#2290=AXIS2_PLACEMENT_3D('',#3401,#2705,#2706);
#2291=AXIS2_PLACEMENT_3D('',#3405,#2708,#2709);
#2292=AXIS2_PLACEMENT_3D('',#3409,#2711,#2712);
#2293=AXIS2_PLACEMENT_3D('',#3413,#2714,#2715);
#2294=AXIS2_PLACEMENT_3D('',#3416,#2717,#2718);
#2295=AXIS2_PLACEMENT_3D('',#3418,#2720,#2721);
#2296=AXIS2_PLACEMENT_3D('',#3419,#2722,#2723);
#2297=AXIS2_PLACEMENT_3D('',#3421,#2725,#2726);
#2298=AXIS2_PLACEMENT_3D('',#3422,#2727,#2728);
#2299=AXIS2_PLACEMENT_3D('',#3423,#2729,#2730);
#2300=AXIS2_PLACEMENT_3D('',#3424,#2731,#2732);
#2301=AXIS2_PLACEMENT_3D('',#3426,#2734,#2735);
#2302=AXIS2_PLACEMENT_3D('',#3428,#2737,#2738);
#2303=AXIS2_PLACEMENT_3D('',#3430,#2740,#2741);
#2304=AXIS2_PLACEMENT_3D('',#3432,#2743,#2744);
#2305=AXIS2_PLACEMENT_3D('',#3434,#2746,#2747);
#2306=AXIS2_PLACEMENT_3D('',#3436,#2749,#2750);
#2307=AXIS2_PLACEMENT_3D('',#3438,#2752,#2753);
#2308=AXIS2_PLACEMENT_3D('',#3440,#2755,#2756);
#2309=AXIS2_PLACEMENT_3D('',#3442,#2758,#2759);
#2310=AXIS2_PLACEMENT_3D('',#3444,#2761,#2762);
#2311=AXIS2_PLACEMENT_3D('',#3445,#2763,#2764);
#2312=AXIS2_PLACEMENT_3D('',#3448,#2766,#2767);
#2313=AXIS2_PLACEMENT_3D('',#3449,#2768,#2769);
#2314=AXIS2_PLACEMENT_3D('',#3450,#2770,#2771);
#2315=AXIS2_PLACEMENT_3D('',#3451,#2772,#2773);
#2316=AXIS2_PLACEMENT_3D('',#3455,#2776,#2777);
#2317=AXIS2_PLACEMENT_3D('',#3458,#2778,#2779);
#2318=AXIS2_PLACEMENT_3D('',#3460,#2781,#2782);
#2319=AXIS2_PLACEMENT_3D('',#3461,#2783,#2784);
#2320=AXIS2_PLACEMENT_3D('',#3463,#2785,#2786);
#2321=AXIS2_PLACEMENT_3D('',#3464,#2787,#2788);
#2322=AXIS2_PLACEMENT_3D('',#3467,#2791,#2792);
#2323=AXIS2_PLACEMENT_3D('',#3471,#2795,#2796);
#2324=AXIS2_PLACEMENT_3D('',#3474,#2797,#2798);
#2325=AXIS2_PLACEMENT_3D('',#3477,#2800,#2801);
#2326=AXIS2_PLACEMENT_3D('',#3479,#2802,#2803);
#2327=AXIS2_PLACEMENT_3D('',#3483,#2805,#2806);
#2328=AXIS2_PLACEMENT_3D('',#3485,#2807,#2808);
#2329=AXIS2_PLACEMENT_3D('',#3489,#2810,#2811);
#2330=AXIS2_PLACEMENT_3D('',#3493,#2813,#2814);
#2331=AXIS2_PLACEMENT_3D('',#3499,#2817,#2818);
#2332=AXIS2_PLACEMENT_3D('',#3503,#2820,#2821);
#2333=AXIS2_PLACEMENT_3D('',#3507,#2823,#2824);
#2334=AXIS2_PLACEMENT_3D('',#3510,#2826,#2827);
#2335=AXIS2_PLACEMENT_3D('',#3511,#2828,#2829);
#2336=AXIS2_PLACEMENT_3D('',#3517,#2833,#2834);
#2337=AXIS2_PLACEMENT_3D('',#3520,#2836,#2837);
#2338=AXIS2_PLACEMENT_3D('',#3521,#2838,#2839);
#2339=AXIS2_PLACEMENT_3D('',#3525,#2842,#2843);
#2340=AXIS2_PLACEMENT_3D('',#3528,#2845,#2846);
#2341=AXIS2_PLACEMENT_3D('',#3529,#2847,#2848);
#2342=AXIS2_PLACEMENT_3D('',#3535,#2851,#2852);
#2343=AXIS2_PLACEMENT_3D('',#3538,#2854,#2855);
#2344=AXIS2_PLACEMENT_3D('',#3539,#2856,#2857);
#2345=AXIS2_PLACEMENT_3D('',#3544,#2861,#2862);
#2346=AXIS2_PLACEMENT_3D('',#3546,#2863,#2864);
#2347=AXIS2_PLACEMENT_3D('',#3549,#2867,#2868);
#2348=AXIS2_PLACEMENT_3D('',#3551,#2870,#2871);
#2349=AXIS2_PLACEMENT_3D('',#3552,#2872,#2873);
#2350=AXIS2_PLACEMENT_3D('',#3553,#2874,#2875);
#2351=AXIS2_PLACEMENT_3D('',#3555,#2877,#2878);
#2352=AXIS2_PLACEMENT_3D('',#3560,#2882,#2883);
#2353=AXIS2_PLACEMENT_3D('',#3564,#2886,#2887);
#2354=AXIS2_PLACEMENT_3D('',#3565,#2888,#2889);
#2355=AXIS2_PLACEMENT_3D('',#3567,#2890,#2891);
#2356=AXIS2_PLACEMENT_3D('',#3573,#2894,#2895);
#2357=AXIS2_PLACEMENT_3D('',#3576,#2897,#2898);
#2358=AXIS2_PLACEMENT_3D('',#3577,#2899,#2900);
#2359=AXIS2_PLACEMENT_3D('',#3579,#2902,#2903);
#2360=AXIS2_PLACEMENT_3D('',#3582,#2905,#2906);
#2361=AXIS2_PLACEMENT_3D('',#3586,#2908,#2909);
#2362=AXIS2_PLACEMENT_3D('',#3591,#2912,#2913);
#2363=AXIS2_PLACEMENT_3D('',#3592,#2914,#2915);
#2364=AXIS2_PLACEMENT_3D('',#3594,#2917,#2918);
#2365=AXIS2_PLACEMENT_3D('',#3596,#2920,#2921);
#2366=AXIS2_PLACEMENT_3D('',#3598,#2923,#2924);
#2367=AXIS2_PLACEMENT_3D('',#3600,#2926,#2927);
#2368=AXIS2_PLACEMENT_3D('',#3601,#2928,#2929);
#2369=AXIS2_PLACEMENT_3D('',#3602,#2930,#2931);
#2370=AXIS2_PLACEMENT_3D('',#3610,#2936,#2937);
#2371=AXIS2_PLACEMENT_3D('',#3619,#2942,#2943);
#2372=AXIS2_PLACEMENT_3D('',#3621,#2945,#2946);
#2373=AXIS2_PLACEMENT_3D('',#3622,#2947,#2948);
#2374=AXIS2_PLACEMENT_3D('',#3624,#2950,#2951);
#2375=AXIS2_PLACEMENT_3D('',#3626,#2953,#2954);
#2376=AXIS2_PLACEMENT_3D('',#3628,#2956,#2957);
#2377=AXIS2_PLACEMENT_3D('',#3629,#2958,#2959);
#2378=AXIS2_PLACEMENT_3D('',#3635,#2963,#2964);
#2379=AXIS2_PLACEMENT_3D('',#3637,#2966,#2967);
#2380=AXIS2_PLACEMENT_3D('',#3639,#2969,#2970);
#2381=AXIS2_PLACEMENT_3D('',#3640,#2971,#2972);
#2382=AXIS2_PLACEMENT_3D('',#3641,#2973,#2974);
#2383=AXIS2_PLACEMENT_3D('',#3643,#2976,#2977);
#2384=AXIS2_PLACEMENT_3D('',#3645,#2979,#2980);
#2385=AXIS2_PLACEMENT_3D('',#3646,#2981,#2982);
#2386=AXIS2_PLACEMENT_3D('',#3647,#2983,#2984);
#2387=AXIS2_PLACEMENT_3D('',#3651,#2986,#2987);
#2388=AXIS2_PLACEMENT_3D('',#3653,#2989,#2990);
#2389=AXIS2_PLACEMENT_3D('',#3657,#2993,#2994);
#2390=AXIS2_PLACEMENT_3D('',#3663,#2998,#2999);
#2391=AXIS2_PLACEMENT_3D('',#3667,#3002,#3003);
#2392=AXIS2_PLACEMENT_3D('',#3670,#3005,#3006);
#2393=AXIS2_PLACEMENT_3D('',#3671,#3007,#3008);
#2394=AXIS2_PLACEMENT_3D('',#3673,#3010,#3011);
#2395=AXIS2_PLACEMENT_3D('',#3674,#3012,#3013);
#2396=AXIS2_PLACEMENT_3D('',#3675,#3014,#3015);
#2397=AXIS2_PLACEMENT_3D('',#3681,#3019,#3020);
#2398=AXIS2_PLACEMENT_3D('',#3684,#3022,#3023);
#2399=AXIS2_PLACEMENT_3D('',#3685,#3024,#3025);
#2400=AXIS2_PLACEMENT_3D('',#3686,#3026,#3027);
#2401=AXIS2_PLACEMENT_3D('',#3687,#3028,#3029);
#2402=AXIS2_PLACEMENT_3D('',#3688,#3030,#3031);
#2403=AXIS2_PLACEMENT_3D('',#3689,#3032,#3033);
#2404=AXIS2_PLACEMENT_3D('',#3692,#3036,#3037);
#2405=AXIS2_PLACEMENT_3D('',#3694,#3039,#3040);
#2406=AXIS2_PLACEMENT_3D('',#3695,#3041,#3042);
#2407=DIRECTION('axis',(0.,0.,1.));
#2408=DIRECTION('refdir',(1.,0.,0.));
#2409=DIRECTION('center_axis',(0.,-1.,0.));
#2410=DIRECTION('ref_axis',(1.,0.,0.));
#2411=DIRECTION('',(0.,0.,1.));
#2412=DIRECTION('',(1.,0.,0.));
#2413=DIRECTION('',(0.,0.,1.));
#2414=DIRECTION('',(1.,0.,0.));
#2415=DIRECTION('center_axis',(0.,0.,-1.));
#2416=DIRECTION('ref_axis',(-1.,1.77635683939732E-14,0.));
#2417=DIRECTION('',(0.,0.,1.));
#2418=DIRECTION('center_axis',(0.,0.,1.));
#2419=DIRECTION('ref_axis',(-1.,1.77635683939732E-14,0.));
#2420=DIRECTION('',(0.,0.,-1.));
#2421=DIRECTION('center_axis',(0.,0.,1.));
#2422=DIRECTION('ref_axis',(-1.,1.77635683939732E-14,0.));
#2423=DIRECTION('center_axis',(0.,0.,1.));
#2424=DIRECTION('ref_axis',(1.,0.,0.));
#2425=DIRECTION('',(1.,0.,0.));
#2426=DIRECTION('center_axis',(0.,0.,1.));
#2427=DIRECTION('ref_axis',(0.,-1.,0.));
#2428=DIRECTION('',(0.999979161683116,0.00645571061410563,0.));
#2429=DIRECTION('center_axis',(0.,0.,1.));
#2430=DIRECTION('ref_axis',(0.999987658343506,-0.00496821503880405,0.));
#2431=DIRECTION('',(4.6357718164096E-14,1.,0.));
#2432=DIRECTION('',(-0.00645567704730809,0.999979161899817,0.));
#2433=DIRECTION('center_axis',(0.,0.,1.));
#2434=DIRECTION('ref_axis',(0.00495997466048714,0.99998769925003,0.));
#2435=DIRECTION('',(-1.,-1.24711040605845E-14,0.));
#2436=DIRECTION('',(0.,1.,0.));
#2437=DIRECTION('',(1.,0.,0.));
#2438=DIRECTION('',(0.,1.,0.));
#2439=DIRECTION('',(-1.,-1.26220076146449E-14,0.));
#2440=DIRECTION('center_axis',(0.,0.,1.));
#2441=DIRECTION('ref_axis',(0.999498367088947,0.0316703992164248,0.));
#2442=DIRECTION('',(-0.00645567704715086,0.999979161899818,0.));
#2443=DIRECTION('',(7.74378382958147E-14,1.,0.));
#2444=DIRECTION('center_axis',(0.,0.,1.));
#2445=DIRECTION('ref_axis',(0.031676335458571,-0.999498178973787,0.));
#2446=DIRECTION('',(0.999979161683118,0.00645571061373258,0.));
#2447=DIRECTION('',(1.,2.93523258889097E-16,0.));
#2448=DIRECTION('center_axis',(0.,0.,1.));
#2449=DIRECTION('ref_axis',(-0.999990722525256,0.00430753565465775,0.));
#2450=DIRECTION('',(-4.42288575665649E-15,-1.,0.));
#2451=DIRECTION('center_axis',(0.,0.,1.));
#2452=DIRECTION('ref_axis',(-0.0316469157261351,0.999499110917575,0.));
#2453=DIRECTION('',(-0.999979229496004,-0.00644519794716084,0.));
#2454=DIRECTION('',(-1.,-1.26220076146449E-14,0.));
#2455=DIRECTION('',(0.,-1.,0.));
#2456=DIRECTION('',(-1.,-9.23731824084434E-16,0.));
#2457=DIRECTION('center_axis',(0.,0.,1.));
#2458=DIRECTION('ref_axis',(1.26882631385987E-15,1.,0.));
#2459=DIRECTION('',(-1.,-1.29431062104888E-14,0.));
#2460=DIRECTION('',(-0.999979229496004,-0.00644519794723909,0.));
#2461=DIRECTION('center_axis',(0.,0.,1.));
#2462=DIRECTION('ref_axis',(-0.999987836350531,0.00493225617585951,0.));
#2463=DIRECTION('',(-7.67120992150666E-14,-1.,0.));
#2464=DIRECTION('center_axis',(0.,0.,1.));
#2465=DIRECTION('ref_axis',(-0.00604246442078279,-0.999981744145224,0.));
#2466=DIRECTION('',(1.,3.35506873021806E-16,0.));
#2467=DIRECTION('center_axis',(0.,0.,1.));
#2468=DIRECTION('ref_axis',(-1.,0.,0.));
#2469=DIRECTION('',(1.,0.,0.));
#2470=DIRECTION('',(-1.,-2.93523258889097E-16,0.));
#2471=DIRECTION('center_axis',(0.,0.,1.));
#2472=DIRECTION('ref_axis',(0.,-1.,0.));
#2473=DIRECTION('center_axis',(0.,0.,1.));
#2474=DIRECTION('ref_axis',(1.,0.,0.));
#2475=DIRECTION('',(0.,1.,0.));
#2476=DIRECTION('center_axis',(0.,0.,-1.));
#2477=DIRECTION('ref_axis',(0.,-1.,0.));
#2478=DIRECTION('center_axis',(0.,0.,1.));
#2479=DIRECTION('ref_axis',(1.,0.,0.));
#2480=DIRECTION('center_axis',(0.,0.,1.));
#2481=DIRECTION('ref_axis',(-0.996979414200394,-0.0776662581861606,0.));
#2482=DIRECTION('',(0.,0.,1.));
#2483=DIRECTION('center_axis',(0.,0.,1.));
#2484=DIRECTION('ref_axis',(1.,0.,0.));
#2485=DIRECTION('',(0.,0.,-1.));
#2486=DIRECTION('center_axis',(0.,0.,1.));
#2487=DIRECTION('ref_axis',(1.,0.,0.));
#2488=DIRECTION('center_axis',(0.,0.,-1.));
#2489=DIRECTION('ref_axis',(0.,-1.,0.));
#2490=DIRECTION('',(0.,0.,1.));
#2491=DIRECTION('center_axis',(0.,0.,1.));
#2492=DIRECTION('ref_axis',(0.,-1.,0.));
#2493=DIRECTION('',(0.,0.,1.));
#2494=DIRECTION('center_axis',(0.,0.,-1.));
#2495=DIRECTION('ref_axis',(0.,-1.,0.));
#2496=DIRECTION('',(0.,0.,-1.));
#2497=DIRECTION('center_axis',(0.,0.,1.));
#2498=DIRECTION('ref_axis',(0.,-1.,0.));
#2499=DIRECTION('',(0.,0.,1.));
#2500=DIRECTION('center_axis',(1.,0.,0.));
#2501=DIRECTION('ref_axis',(0.,-1.,0.));
#2502=DIRECTION('',(0.,1.,0.));
#2503=DIRECTION('',(0.,0.,-1.));
#2504=DIRECTION('',(0.,-1.,0.));
#2505=DIRECTION('',(0.,0.,-1.));
#2506=DIRECTION('',(0.,1.,0.));
#2507=DIRECTION('',(0.,0.,-1.));
#2508=DIRECTION('center_axis',(0.,0.,-1.));
#2509=DIRECTION('ref_axis',(1.,0.,0.));
#2510=DIRECTION('center_axis',(0.,0.,1.));
#2511=DIRECTION('ref_axis',(1.,0.,0.));
#2512=DIRECTION('center_axis',(0.,0.,-1.));
#2513=DIRECTION('ref_axis',(1.,0.,0.));
#2514=DIRECTION('',(0.,0.,-1.));
#2515=DIRECTION('center_axis',(0.,1.,0.));
#2516=DIRECTION('ref_axis',(1.,0.,0.));
#2517=DIRECTION('',(-1.,0.,0.));
#2518=DIRECTION('',(1.,0.,0.));
#2519=DIRECTION('',(0.,0.,-1.));
#2520=DIRECTION('center_axis',(0.,0.,-1.));
#2521=DIRECTION('ref_axis',(0.,1.,0.));
#2522=DIRECTION('center_axis',(0.,0.,1.));
#2523=DIRECTION('ref_axis',(0.,1.,0.));
#2524=DIRECTION('center_axis',(0.,0.,-1.));
#2525=DIRECTION('ref_axis',(0.,1.,0.));
#2526=DIRECTION('',(0.,0.,-1.));
#2527=DIRECTION('center_axis',(-1.,0.,0.));
#2528=DIRECTION('ref_axis',(0.,1.,0.));
#2529=DIRECTION('',(0.,-1.,0.));
#2530=DIRECTION('',(0.,1.,0.));
#2531=DIRECTION('',(0.,0.,-1.));
#2532=DIRECTION('',(0.,-1.,0.));
#2533=DIRECTION('',(0.,-1.,0.));
#2534=DIRECTION('',(0.,0.,-1.));
#2535=DIRECTION('center_axis',(0.,0.,-1.));
#2536=DIRECTION('ref_axis',(-1.,0.,0.));
#2537=DIRECTION('center_axis',(0.,0.,1.));
#2538=DIRECTION('ref_axis',(-1.,0.,0.));
#2539=DIRECTION('center_axis',(0.,0.,-1.));
#2540=DIRECTION('ref_axis',(-1.,0.,0.));
#2541=DIRECTION('',(0.,0.,-1.));
#2542=DIRECTION('',(0.,0.,-1.));
#2543=DIRECTION('center_axis',(0.,-1.,0.));
#2544=DIRECTION('ref_axis',(-1.,0.,0.));
#2545=DIRECTION('',(-1.,0.,0.));
#2546=DIRECTION('',(0.,0.,-1.));
#2547=DIRECTION('',(0.,0.,-1.));
#2548=DIRECTION('',(1.,0.,0.));
#2549=DIRECTION('center_axis',(0.,0.,-1.));
#2550=DIRECTION('ref_axis',(0.,-1.,0.));
#2551=DIRECTION('center_axis',(0.,0.,-1.));
#2552=DIRECTION('ref_axis',(0.,-1.,0.));
#2553=DIRECTION('center_axis',(0.,0.,1.));
#2554=DIRECTION('ref_axis',(0.,-1.,0.));
#2555=DIRECTION('center_axis',(0.,0.,1.));
#2556=DIRECTION('ref_axis',(-1.,0.,0.));
#2557=DIRECTION('center_axis',(0.,0.,1.));
#2558=DIRECTION('ref_axis',(0.,-1.,0.));
#2559=DIRECTION('',(-1.,0.,0.));
#2560=DIRECTION('center_axis',(0.,0.,1.));
#2561=DIRECTION('ref_axis',(-1.,0.,0.));
#2562=DIRECTION('center_axis',(0.,0.,1.));
#2563=DIRECTION('ref_axis',(-1.,1.77635683939732E-14,0.));
#2564=DIRECTION('',(1.,3.35506873021806E-16,0.));
#2565=DIRECTION('center_axis',(0.,0.,1.));
#2566=DIRECTION('ref_axis',(-0.00604246442078279,-0.999981744145224,0.));
#2567=DIRECTION('',(-7.67120992150666E-14,-1.,0.));
#2568=DIRECTION('center_axis',(0.,0.,1.));
#2569=DIRECTION('ref_axis',(-0.999987836350531,0.00493225617585951,0.));
#2570=DIRECTION('',(-0.999979229496004,-0.00644519794723909,0.));
#2571=DIRECTION('',(-1.,-1.29431062104888E-14,0.));
#2572=DIRECTION('center_axis',(0.,0.,1.));
#2573=DIRECTION('ref_axis',(1.26882631385987E-15,1.,0.));
#2574=DIRECTION('',(6.20686789199934E-16,-1.,0.));
#2575=DIRECTION('center_axis',(0.,0.,1.));
#2576=DIRECTION('ref_axis',(-1.,0.,0.));
#2577=DIRECTION('',(1.,2.30932956021189E-16,0.));
#2578=DIRECTION('center_axis',(0.,0.,1.));
#2579=DIRECTION('ref_axis',(5.07530525542931E-15,-1.,0.));
#2580=DIRECTION('',(3.97239545088393E-14,1.,0.));
#2581=DIRECTION('center_axis',(0.,0.,1.));
#2582=DIRECTION('ref_axis',(1.,0.,0.));
#2583=DIRECTION('',(3.97239545088393E-14,1.,0.));
#2584=DIRECTION('center_axis',(0.,0.,-1.));
#2585=DIRECTION('ref_axis',(1.,4.82153999265659E-14,0.));
#2586=DIRECTION('',(0.,1.,0.));
#2587=DIRECTION('',(-1.,-1.24711040605845E-14,0.));
#2588=DIRECTION('center_axis',(0.,0.,1.));
#2589=DIRECTION('ref_axis',(0.00495997466048714,0.99998769925003,0.));
#2590=DIRECTION('',(-0.00645567704730809,0.999979161899817,0.));
#2591=DIRECTION('',(4.6357718164096E-14,1.,0.));
#2592=DIRECTION('center_axis',(0.,0.,1.));
#2593=DIRECTION('ref_axis',(0.999987658343506,-0.00496821503880405,0.));
#2594=DIRECTION('',(0.999979161683116,0.00645571061410563,0.));
#2595=DIRECTION('center_axis',(0.,0.,1.));
#2596=DIRECTION('ref_axis',(1.,0.,0.));
#2597=DIRECTION('',(1.,8.70414851306126E-13,0.));
#2598=DIRECTION('',(2.89174369204692E-15,1.,0.));
#2599=DIRECTION('center_axis',(0.,0.,1.));
#2600=DIRECTION('ref_axis',(1.,0.,0.));
#2601=DIRECTION('center_axis',(0.,0.,-1.));
#2602=DIRECTION('ref_axis',(-1.,0.,0.));
#2603=DIRECTION('center_axis',(0.,0.,1.));
#2604=DIRECTION('ref_axis',(-1.,0.,0.));
#2605=DIRECTION('',(0.,0.,1.));
#2606=DIRECTION('center_axis',(0.,0.,1.));
#2607=DIRECTION('ref_axis',(-1.,0.,0.));
#2608=DIRECTION('center_axis',(0.,0.,-1.));
#2609=DIRECTION('ref_axis',(-1.,0.,0.));
#2610=DIRECTION('center_axis',(0.,0.,1.));
#2611=DIRECTION('ref_axis',(-1.,0.,0.));
#2612=DIRECTION('center_axis',(0.,0.,1.));
#2613=DIRECTION('ref_axis',(-1.,0.,0.));
#2614=DIRECTION('',(0.,0.,-1.));
#2615=DIRECTION('center_axis',(0.,0.,1.));
#2616=DIRECTION('ref_axis',(-1.,0.,0.));
#2617=DIRECTION('center_axis',(0.,0.,1.));
#2618=DIRECTION('ref_axis',(-1.,0.,0.));
#2619=DIRECTION('center_axis',(0.,0.,1.));
#2620=DIRECTION('ref_axis',(-1.,0.,0.));
#2621=DIRECTION('center_axis',(0.,0.,-1.));
#2622=DIRECTION('ref_axis',(1.,0.,0.));
#2623=DIRECTION('center_axis',(0.,0.,1.));
#2624=DIRECTION('ref_axis',(1.,0.,0.));
#2625=DIRECTION('',(0.,0.,1.));
#2626=DIRECTION('center_axis',(0.,0.,-1.));
#2627=DIRECTION('ref_axis',(1.,0.,0.));
#2628=DIRECTION('center_axis',(0.,0.,1.));
#2629=DIRECTION('ref_axis',(-1.,1.7678765045256E-42,0.));
#2630=DIRECTION('',(0.,-1.,0.));
#2631=DIRECTION('',(1.,5.12749549330044E-14,0.));
#2632=DIRECTION('',(0.,-1.,0.));
#2633=DIRECTION('',(-1.,1.7678765045256E-42,0.));
#2634=DIRECTION('center_axis',(0.,1.,0.));
#2635=DIRECTION('ref_axis',(-1.,0.,0.));
#2636=DIRECTION('',(0.,0.,-1.));
#2637=DIRECTION('',(0.,-4.4218816330829E-42,1.));
#2638=DIRECTION('center_axis',(1.,0.,0.));
#2639=DIRECTION('ref_axis',(0.,-4.4218816330829E-42,1.));
#2640=DIRECTION('',(0.,0.,1.));
#2641=DIRECTION('',(0.,-1.,0.));
#2642=DIRECTION('center_axis',(1.,0.,0.));
#2643=DIRECTION('ref_axis',(0.,0.,1.));
#2644=DIRECTION('',(0.,0.,-1.));
#2645=DIRECTION('',(0.,0.,-1.));
#2646=DIRECTION('',(0.,-1.,0.));
#2647=DIRECTION('',(0.,0.,1.));
#2648=DIRECTION('center_axis',(-1.,0.,0.));
#2649=DIRECTION('ref_axis',(0.,0.,-1.));
#2650=DIRECTION('',(0.,0.,-1.));
#2651=DIRECTION('',(0.,-1.,0.));
#2652=DIRECTION('',(0.,0.,1.));
#2653=DIRECTION('',(0.,0.,-1.));
#2654=DIRECTION('',(0.,1.,0.));
#2655=DIRECTION('center_axis',(0.,0.,1.));
#2656=DIRECTION('ref_axis',(-1.,0.,0.));
#2657=DIRECTION('',(-1.,-1.26220076146449E-14,0.));
#2658=DIRECTION('',(-0.999979229496004,-0.00644519794716084,0.));
#2659=DIRECTION('center_axis',(0.,0.,1.));
#2660=DIRECTION('ref_axis',(-0.0316469157261351,0.999499110917575,0.));
#2661=DIRECTION('',(1.,5.12749549330044E-14,0.));
#2662=DIRECTION('center_axis',(-1.26220076146449E-14,1.,0.));
#2663=DIRECTION('ref_axis',(-1.,-1.26220076146449E-14,0.));
#2664=DIRECTION('',(0.,0.,1.));
#2665=DIRECTION('center_axis',(0.,-1.,0.));
#2666=DIRECTION('ref_axis',(-1.,0.,4.44089209850062E-15));
#2667=DIRECTION('center_axis',(-9.23731824084434E-16,1.,0.));
#2668=DIRECTION('ref_axis',(-1.,0.,4.44089209850062E-15));
#2669=DIRECTION('center_axis',(5.12749549330043E-14,-1.,0.));
#2670=DIRECTION('ref_axis',(-1.,0.,4.44089209850062E-15));
#2671=DIRECTION('',(0.,-1.,0.));
#2672=DIRECTION('center_axis',(0.,-1.,0.));
#2673=DIRECTION('ref_axis',(0.,0.,1.));
#2674=DIRECTION('',(0.,-1.,0.));
#2675=DIRECTION('center_axis',(5.12749549330043E-14,-1.,0.));
#2676=DIRECTION('ref_axis',(0.,0.,1.));
#2677=DIRECTION('center_axis',(-1.24711040605845E-14,1.,0.));
#2678=DIRECTION('ref_axis',(-1.,-1.24711040605845E-14,0.));
#2679=DIRECTION('',(0.,0.,1.));
#2680=DIRECTION('center_axis',(-9.23731824084434E-16,1.,0.));
#2681=DIRECTION('ref_axis',(1.,9.23731824084434E-16,0.));
#2682=DIRECTION('',(1.,9.23731824084434E-16,0.));
#2683=DIRECTION('',(0.,0.,1.));
#2684=DIRECTION('',(-1.,-9.23731824084434E-16,0.));
#2685=DIRECTION('',(0.,0.,-1.));
#2686=DIRECTION('center_axis',(5.12749549330043E-14,-1.,0.));
#2687=DIRECTION('ref_axis',(1.,5.12749549330044E-14,0.));
#2688=DIRECTION('',(-1.,-5.12749549330044E-14,0.));
#2689=DIRECTION('',(1.,5.12749549330044E-14,0.));
#2690=DIRECTION('',(0.,0.,1.));
#2691=DIRECTION('',(0.,0.,1.));
#2692=DIRECTION('',(-1.,-5.12749549330044E-14,0.));
#2693=DIRECTION('',(0.,0.,1.));
#2694=DIRECTION('',(0.,0.,1.));
#2695=DIRECTION('',(1.,5.12749549330044E-14,0.));
#2696=DIRECTION('',(1.,5.12749549330044E-14,0.));
#2697=DIRECTION('center_axis',(1.,0.,0.));
#2698=DIRECTION('ref_axis',(0.,0.,-1.));
#2699=DIRECTION('',(0.,0.,-1.));
#2700=DIRECTION('',(-2.89174369204692E-15,-1.,0.));
#2701=DIRECTION('center_axis',(0.,0.,1.));
#2702=DIRECTION('ref_axis',(-1.,0.,0.));
#2703=DIRECTION('',(1.,2.93523258889097E-16,0.));
#2704=DIRECTION('',(0.999979161683118,0.00645571061373258,0.));
#2705=DIRECTION('center_axis',(0.,0.,1.));
#2706=DIRECTION('ref_axis',(0.031676335458571,-0.999498178973787,0.));
#2707=DIRECTION('',(7.74378382958147E-14,1.,0.));
#2708=DIRECTION('center_axis',(0.,0.,-1.));
#2709=DIRECTION('ref_axis',(1.,0.,0.));
#2710=DIRECTION('',(-1.,0.,0.));
#2711=DIRECTION('center_axis',(0.,0.,-1.));
#2712=DIRECTION('ref_axis',(1.,0.,0.));
#2713=DIRECTION('',(0.,1.,0.));
#2714=DIRECTION('center_axis',(0.,0.,1.));
#2715=DIRECTION('ref_axis',(-0.0316469157261351,0.999499110917575,0.));
#2716=DIRECTION('',(-4.42288575665649E-15,-1.,0.));
#2717=DIRECTION('center_axis',(0.,0.,1.));
#2718=DIRECTION('ref_axis',(-0.999990722525256,0.00430753565465775,0.));
#2719=DIRECTION('',(-1.,-8.70414851306126E-13,0.));
#2720=DIRECTION('center_axis',(8.67681994630123E-13,-1.,0.));
#2721=DIRECTION('ref_axis',(0.,0.,-1.));
#2722=DIRECTION('center_axis',(0.,1.,0.));
#2723=DIRECTION('ref_axis',(0.,0.,1.));
#2724=DIRECTION('',(0.,0.,1.));
#2725=DIRECTION('center_axis',(0.,0.,-1.));
#2726=DIRECTION('ref_axis',(-1.,1.77635683939732E-14,0.));
#2727=DIRECTION('center_axis',(0.,0.,-1.));
#2728=DIRECTION('ref_axis',(-1.,1.77635683939732E-14,0.));
#2729=DIRECTION('center_axis',(0.,0.,-1.));
#2730=DIRECTION('ref_axis',(0.,-1.,0.));
#2731=DIRECTION('center_axis',(3.35506873021806E-16,-1.,0.));
#2732=DIRECTION('ref_axis',(1.,3.35506873021806E-16,0.));
#2733=DIRECTION('',(0.,0.,1.));
#2734=DIRECTION('center_axis',(0.,0.,1.));
#2735=DIRECTION('ref_axis',(-0.00604246442078279,-0.999981744145224,0.));
#2736=DIRECTION('',(0.,0.,1.));
#2737=DIRECTION('center_axis',(-1.,7.67120992150666E-14,0.));
#2738=DIRECTION('ref_axis',(-7.67120992150666E-14,-1.,0.));
#2739=DIRECTION('',(0.,0.,1.));
#2740=DIRECTION('center_axis',(0.,0.,1.));
#2741=DIRECTION('ref_axis',(-0.999987836350531,0.00493225617585951,0.));
#2742=DIRECTION('',(0.,0.,1.));
#2743=DIRECTION('center_axis',(-0.00644519794723909,0.999979229496004,0.));
#2744=DIRECTION('ref_axis',(-0.999979229496004,-0.00644519794723909,0.));
#2745=DIRECTION('',(0.,0.,1.));
#2746=DIRECTION('center_axis',(-1.29431062104888E-14,1.,0.));
#2747=DIRECTION('ref_axis',(-1.,-1.29431062104888E-14,0.));
#2748=DIRECTION('',(0.,0.,-1.));
#2749=DIRECTION('center_axis',(0.,0.,1.));
#2750=DIRECTION('ref_axis',(0.00495997466048714,0.99998769925003,0.));
#2751=DIRECTION('',(0.,0.,1.));
#2752=DIRECTION('center_axis',(0.999979161899817,0.00645567704730809,0.));
#2753=DIRECTION('ref_axis',(-0.00645567704730809,0.999979161899817,0.));
#2754=DIRECTION('',(0.,0.,1.));
#2755=DIRECTION('center_axis',(1.,-4.63577181640961E-14,0.));
#2756=DIRECTION('ref_axis',(4.6357718164096E-14,1.,0.));
#2757=DIRECTION('',(0.,0.,1.));
#2758=DIRECTION('center_axis',(0.,0.,1.));
#2759=DIRECTION('ref_axis',(0.999987658343506,-0.00496821503880405,0.));
#2760=DIRECTION('',(0.,0.,1.));
#2761=DIRECTION('center_axis',(0.00645571061410563,-0.999979161683116,0.));
#2762=DIRECTION('ref_axis',(0.999979161683116,0.00645571061410563,0.));
#2763=DIRECTION('center_axis',(0.,0.,-1.));
#2764=DIRECTION('ref_axis',(1.,4.82153999265659E-14,0.));
#2765=DIRECTION('',(0.,0.,-1.));
#2766=DIRECTION('center_axis',(0.,0.,1.));
#2767=DIRECTION('ref_axis',(1.,4.82153999265659E-14,0.));
#2768=DIRECTION('center_axis',(0.,0.,-1.));
#2769=DIRECTION('ref_axis',(1.,4.82153999265659E-14,0.));
#2770=DIRECTION('center_axis',(0.,0.,1.));
#2771=DIRECTION('ref_axis',(-1.,0.,0.));
#2772=DIRECTION('center_axis',(-1.26220076146449E-14,1.,0.));
#2773=DIRECTION('ref_axis',(-1.,-1.26220076146449E-14,0.));
#2774=DIRECTION('',(-1.,-1.26220076146449E-14,0.));
#2775=DIRECTION('',(0.,0.,1.));
#2776=DIRECTION('center_axis',(0.,0.,1.));
#2777=DIRECTION('ref_axis',(1.,0.,0.));
#2778=DIRECTION('center_axis',(0.,0.,1.));
#2779=DIRECTION('ref_axis',(1.,0.,0.));
#2780=DIRECTION('',(-3.97239545088393E-14,-1.,0.));
#2781=DIRECTION('center_axis',(0.,0.,1.));
#2782=DIRECTION('ref_axis',(1.,0.,0.));
#2783=DIRECTION('center_axis',(0.,0.,1.));
#2784=DIRECTION('ref_axis',(1.,0.,0.));
#2785=DIRECTION('center_axis',(0.,0.,1.));
#2786=DIRECTION('ref_axis',(1.,0.,0.));
#2787=DIRECTION('center_axis',(0.,0.,1.));
#2788=DIRECTION('ref_axis',(1.,0.,0.));
#2789=DIRECTION('',(0.,0.,1.));
#2790=DIRECTION('',(0.,0.,-1.));
#2791=DIRECTION('center_axis',(1.,-3.97239545088393E-14,0.));
#2792=DIRECTION('ref_axis',(-3.97239545088393E-14,-1.,0.));
#2793=DIRECTION('',(0.,0.,-1.));
#2794=DIRECTION('',(3.97239545088393E-14,1.,0.));
#2795=DIRECTION('center_axis',(0.,0.,1.));
#2796=DIRECTION('ref_axis',(-1.,0.,0.));
#2797=DIRECTION('center_axis',(0.,0.,-1.));
#2798=DIRECTION('ref_axis',(-4.36983782494137E-12,1.,0.));
#2799=DIRECTION('',(6.20686789199934E-16,-1.,0.));
#2800=DIRECTION('center_axis',(0.,0.,1.));
#2801=DIRECTION('ref_axis',(1.26882631385987E-15,1.,0.));
#2802=DIRECTION('center_axis',(0.,0.,1.));
#2803=DIRECTION('ref_axis',(5.07530525542931E-15,-1.,0.));
#2804=DIRECTION('',(1.,2.30932956021189E-16,0.));
#2805=DIRECTION('center_axis',(0.,0.,1.));
#2806=DIRECTION('ref_axis',(-1.,0.,0.));
#2807=DIRECTION('center_axis',(0.,0.,-1.));
#2808=DIRECTION('ref_axis',(-1.,-2.22044604925031E-15,0.));
#2809=DIRECTION('',(-1.,0.,0.));
#2810=DIRECTION('center_axis',(0.,0.,-1.));
#2811=DIRECTION('ref_axis',(-4.44089209850067E-15,-1.,0.));
#2812=DIRECTION('',(-4.08100370505725E-14,-1.,0.));
#2813=DIRECTION('center_axis',(0.,0.,-1.));
#2814=DIRECTION('ref_axis',(1.,-1.33959510151113E-11,0.));
#2815=DIRECTION('',(1.,3.52084596470004E-12,0.));
#2816=DIRECTION('',(0.,-1.,0.));
#2817=DIRECTION('center_axis',(0.,0.,-1.));
#2818=DIRECTION('ref_axis',(1.,-8.88178419700136E-15,0.));
#2819=DIRECTION('',(1.,0.,0.));
#2820=DIRECTION('center_axis',(0.,0.,-1.));
#2821=DIRECTION('ref_axis',(8.88178419700132E-15,1.,0.));
#2822=DIRECTION('',(0.,1.,0.));
#2823=DIRECTION('center_axis',(0.,0.,-1.));
#2824=DIRECTION('ref_axis',(-1.,8.88178419700136E-15,0.));
#2825=DIRECTION('',(-1.,-4.03717456390405E-16,0.));
#2826=DIRECTION('center_axis',(0.,0.,-1.));
#2827=DIRECTION('ref_axis',(-8.88178419700136E-15,-1.,0.));
#2828=DIRECTION('center_axis',(-1.,0.,0.));
#2829=DIRECTION('ref_axis',(0.,1.,0.));
#2830=DIRECTION('',(0.,0.,-1.));
#2831=DIRECTION('',(0.,1.,-5.87314014838741E-34));
#2832=DIRECTION('',(0.,0.,-1.));
#2833=DIRECTION('center_axis',(0.,0.,-1.));
#2834=DIRECTION('ref_axis',(8.88178419700132E-15,1.,0.));
#2835=DIRECTION('',(0.,0.,-1.));
#2836=DIRECTION('center_axis',(3.02500082541043E-33,-5.87314014838741E-34,
-1.));
#2837=DIRECTION('ref_axis',(8.88178419700132E-15,1.,0.));
#2838=DIRECTION('center_axis',(0.,1.,0.));
#2839=DIRECTION('ref_axis',(1.,0.,0.));
#2840=DIRECTION('',(0.,0.,-1.));
#2841=DIRECTION('',(1.,0.,3.02500082541043E-33));
#2842=DIRECTION('center_axis',(0.,0.,-1.));
#2843=DIRECTION('ref_axis',(1.,-8.88178419700136E-15,0.));
#2844=DIRECTION('',(0.,0.,-1.));
#2845=DIRECTION('center_axis',(3.02500082541043E-33,-5.87314014838741E-34,
-1.));
#2846=DIRECTION('ref_axis',(1.,-8.88178419700136E-15,0.));
#2847=DIRECTION('center_axis',(0.,0.,-1.));
#2848=DIRECTION('ref_axis',(-4.36983782494137E-12,1.,0.));
#2849=DIRECTION('',(0.,0.,1.));
#2850=DIRECTION('',(0.,0.,-1.));
#2851=DIRECTION('center_axis',(0.,0.,-1.));
#2852=DIRECTION('ref_axis',(-4.36983782494137E-12,1.,0.));
#2853=DIRECTION('',(0.,0.,-1.));
#2854=DIRECTION('center_axis',(0.,0.,1.));
#2855=DIRECTION('ref_axis',(-4.36983782494137E-12,1.,0.));
#2856=DIRECTION('center_axis',(-1.,-6.20686789199934E-16,0.));
#2857=DIRECTION('ref_axis',(-6.20686789199934E-16,1.,0.));
#2858=DIRECTION('',(0.,0.,-1.));
#2859=DIRECTION('',(-6.20686789199934E-16,1.,0.));
#2860=DIRECTION('',(0.,0.,-1.));
#2861=DIRECTION('center_axis',(0.,0.,-1.));
#2862=DIRECTION('ref_axis',(-1.,0.,0.));
#2863=DIRECTION('center_axis',(0.,0.,-1.));
#2864=DIRECTION('ref_axis',(-1.,0.,0.));
#2865=DIRECTION('',(0.,0.,-1.));
#2866=DIRECTION('',(0.,0.,-1.));
#2867=DIRECTION('center_axis',(2.30932956021189E-16,-1.,0.));
#2868=DIRECTION('ref_axis',(-1.,-2.30932956021189E-16,0.));
#2869=DIRECTION('',(0.,0.,-1.));
#2870=DIRECTION('center_axis',(0.,0.,-1.));
#2871=DIRECTION('ref_axis',(5.07530525542931E-15,-1.,0.));
#2872=DIRECTION('center_axis',(0.,0.,-1.));
#2873=DIRECTION('ref_axis',(1.26882631385987E-15,1.,0.));
#2874=DIRECTION('center_axis',(0.,0.,-1.));
#2875=DIRECTION('ref_axis',(1.,0.,0.));
#2876=DIRECTION('',(0.,0.,1.));
#2877=DIRECTION('center_axis',(1.,-7.74378382958147E-14,0.));
#2878=DIRECTION('ref_axis',(7.74378382958147E-14,1.,0.));
#2879=DIRECTION('',(0.,0.,1.));
#2880=DIRECTION('',(7.74378382958147E-14,1.,0.));
#2881=DIRECTION('',(0.,0.,1.));
#2882=DIRECTION('center_axis',(0.999979161899818,0.00645567704715086,0.));
#2883=DIRECTION('ref_axis',(-0.00645567704715086,0.999979161899818,0.));
#2884=DIRECTION('',(0.,0.,1.));
#2885=DIRECTION('',(-0.00645567704715086,0.999979161899818,0.));
#2886=DIRECTION('center_axis',(0.,0.,1.));
#2887=DIRECTION('ref_axis',(0.999498367088947,0.0316703992164248,0.));
#2888=DIRECTION('center_axis',(0.,0.,1.));
#2889=DIRECTION('ref_axis',(0.999498367088947,0.0316703992164248,0.));
#2890=DIRECTION('center_axis',(0.,0.,1.));
#2891=DIRECTION('ref_axis',(0.999498367088947,0.0316703992164248,0.));
#2892=DIRECTION('',(0.,0.,-1.));
#2893=DIRECTION('',(0.,0.,1.));
#2894=DIRECTION('center_axis',(2.18020453060796E-33,-1.12113650836983E-32,
1.));
#2895=DIRECTION('ref_axis',(0.98161183179311,0.190887955837384,7.85635843525275E-47));
#2896=DIRECTION('',(0.,0.,1.));
#2897=DIRECTION('center_axis',(0.,0.,1.));
#2898=DIRECTION('ref_axis',(0.999498367088947,0.0316703992164248,0.));
#2899=DIRECTION('center_axis',(-0.00644519794716084,0.999979229496004,0.));
#2900=DIRECTION('ref_axis',(-0.999979229496004,-0.00644519794716084,0.));
#2901=DIRECTION('',(0.,0.,1.));
#2902=DIRECTION('center_axis',(0.,0.,1.));
#2903=DIRECTION('ref_axis',(-0.0316469157261351,0.999499110917575,0.));
#2904=DIRECTION('',(0.,0.,-1.));
#2905=DIRECTION('center_axis',(0.,0.,1.));
#2906=DIRECTION('ref_axis',(-0.0316469157261351,0.999499110917575,0.));
#2907=DIRECTION('',(0.,0.,-1.));
#2908=DIRECTION('center_axis',(-3.02500082541043E-33,5.87314014838742E-34,
1.));
#2909=DIRECTION('ref_axis',(-0.182788912275897,0.983152182293766,-1.13035566589089E-33));
#2910=DIRECTION('',(0.,0.,1.));
#2911=DIRECTION('',(0.,0.,1.));
#2912=DIRECTION('center_axis',(0.,0.,1.));
#2913=DIRECTION('ref_axis',(-0.0316469157261351,0.999499110917575,0.));
#2914=DIRECTION('center_axis',(0.,0.,1.));
#2915=DIRECTION('ref_axis',(0.031676335458571,-0.999498178973787,0.));
#2916=DIRECTION('',(0.,0.,1.));
#2917=DIRECTION('center_axis',(0.00645571061373258,-0.999979161683118,0.));
#2918=DIRECTION('ref_axis',(0.999979161683118,0.00645571061373258,0.));
#2919=DIRECTION('',(0.,0.,1.));
#2920=DIRECTION('center_axis',(2.93523258889097E-16,-1.,0.));
#2921=DIRECTION('ref_axis',(1.,2.93523258889097E-16,0.));
#2922=DIRECTION('',(0.,0.,1.));
#2923=DIRECTION('center_axis',(0.,0.,1.));
#2924=DIRECTION('ref_axis',(-0.999990722525256,0.00430753565465775,0.));
#2925=DIRECTION('',(0.,0.,1.));
#2926=DIRECTION('center_axis',(-1.,4.42288575665649E-15,0.));
#2927=DIRECTION('ref_axis',(-4.42288575665649E-15,-1.,0.));
#2928=DIRECTION('center_axis',(0.,0.,1.));
#2929=DIRECTION('ref_axis',(1.,0.,0.));
#2930=DIRECTION('center_axis',(-1.,0.,0.));
#2931=DIRECTION('ref_axis',(0.,0.,1.));
#2932=DIRECTION('',(0.,0.,-1.));
#2933=DIRECTION('',(0.,-1.,0.));
#2934=DIRECTION('',(0.,0.,1.));
#2935=DIRECTION('',(0.,1.,0.));
#2936=DIRECTION('center_axis',(1.,2.27278338820355E-12,0.));
#2937=DIRECTION('ref_axis',(-2.27278338820355E-12,1.,0.));
#2938=DIRECTION('',(0.,0.,1.));
#2939=DIRECTION('',(2.27278338820355E-12,-1.,0.));
#2940=DIRECTION('',(0.,0.,1.));
#2941=DIRECTION('',(-4.54672517772626E-12,1.,3.10325852297217E-33));
#2942=DIRECTION('center_axis',(0.,0.,-1.));
#2943=DIRECTION('ref_axis',(2.27278338820355E-12,-1.,0.));
#2944=DIRECTION('',(-1.,-2.27276543689448E-12,0.));
#2945=DIRECTION('center_axis',(0.,0.,-1.));
#2946=DIRECTION('ref_axis',(0.,-1.,0.));
#2947=DIRECTION('center_axis',(0.,0.,-1.));
#2948=DIRECTION('ref_axis',(2.27278338820355E-12,-1.,0.));
#2949=DIRECTION('',(-1.,-2.27276543689448E-12,0.));
#2950=DIRECTION('center_axis',(-2.27276543689448E-12,1.,0.));
#2951=DIRECTION('ref_axis',(0.,0.,-1.));
#2952=DIRECTION('',(-1.,-2.28427502499345E-12,0.));
#2953=DIRECTION('center_axis',(-2.27276543689448E-12,1.,0.));
#2954=DIRECTION('ref_axis',(0.,0.,-1.));
#2955=DIRECTION('',(-1.,-2.18426611880768E-12,3.4562786968085E-31));
#2956=DIRECTION('center_axis',(0.,0.,1.));
#2957=DIRECTION('ref_axis',(-1.,0.,0.));
#2958=DIRECTION('center_axis',(0.,-1.,0.));
#2959=DIRECTION('ref_axis',(1.,0.,0.));
#2960=DIRECTION('',(0.,0.,1.));
#2961=DIRECTION('',(0.,0.,1.));
#2962=DIRECTION('',(1.,0.,8.64710221702971E-66));
#2963=DIRECTION('center_axis',(0.,0.,-1.));
#2964=DIRECTION('ref_axis',(-1.,0.,0.));
#2965=DIRECTION('',(0.,1.,0.));
#2966=DIRECTION('center_axis',(0.,0.,-1.));
#2967=DIRECTION('ref_axis',(-1.,0.,0.));
#2968=DIRECTION('',(0.,1.,0.));
#2969=DIRECTION('center_axis',(0.,0.,1.));
#2970=DIRECTION('ref_axis',(1.,0.,0.));
#2971=DIRECTION('center_axis',(6.79815536723351E-33,-1.3684555315672E-47,
1.));
#2972=DIRECTION('ref_axis',(0.,-1.,-1.3684555315672E-47));
#2973=DIRECTION('center_axis',(1.,0.,0.));
#2974=DIRECTION('ref_axis',(0.,0.,-1.));
#2975=DIRECTION('',(0.,-1.,1.110223024625E-16));
#2976=DIRECTION('center_axis',(-1.,0.,0.));
#2977=DIRECTION('ref_axis',(0.,0.,1.));
#2978=DIRECTION('',(0.,1.,-1.110223024625E-16));
#2979=DIRECTION('center_axis',(0.,0.,1.));
#2980=DIRECTION('ref_axis',(1.,0.,0.));
#2981=DIRECTION('center_axis',(-2.49597697921976E-63,-3.36664972164997E-59,
1.));
#2982=DIRECTION('ref_axis',(-1.,-2.46012733993954E-11,-2.49597780745846E-63));
#2983=DIRECTION('center_axis',(0.,0.,-1.));
#2984=DIRECTION('ref_axis',(-4.44089209850067E-15,-1.,0.));
#2985=DIRECTION('',(0.,0.,-1.));
#2986=DIRECTION('center_axis',(0.,0.,-1.));
#2987=DIRECTION('ref_axis',(-4.44089209850067E-15,-1.,0.));
#2988=DIRECTION('',(0.,0.,1.));
#2989=DIRECTION('center_axis',(0.,-1.,0.));
#2990=DIRECTION('ref_axis',(-1.,0.,0.));
#2991=DIRECTION('',(0.,0.,-1.));
#2992=DIRECTION('',(-1.,0.,0.));
#2993=DIRECTION('center_axis',(-1.,5.11388630948085E-12,0.));
#2994=DIRECTION('ref_axis',(5.11388630948085E-12,1.,0.));
#2995=DIRECTION('',(-5.11388630948085E-12,-1.,0.));
#2996=DIRECTION('',(5.11388630948085E-12,1.,0.));
#2997=DIRECTION('',(0.,0.,-1.));
#2998=DIRECTION('center_axis',(-3.52084596470004E-12,1.,0.));
#2999=DIRECTION('ref_axis',(1.,3.52084596470004E-12,0.));
#3000=DIRECTION('',(0.,0.,-1.));
#3001=DIRECTION('',(1.,3.52084596470004E-12,0.));
#3002=DIRECTION('center_axis',(0.,0.,-1.));
#3003=DIRECTION('ref_axis',(1.,-1.33959510151113E-11,0.));
#3004=DIRECTION('',(0.,0.,-1.));
#3005=DIRECTION('center_axis',(0.,0.,-1.));
#3006=DIRECTION('ref_axis',(1.,-1.33959510151113E-11,0.));
#3007=DIRECTION('center_axis',(1.,-4.08100370505725E-14,0.));
#3008=DIRECTION('ref_axis',(-4.08100370505725E-14,-1.,0.));
#3009=DIRECTION('',(-4.08100370505725E-14,-1.,0.));
#3010=DIRECTION('center_axis',(0.,0.,-1.));
#3011=DIRECTION('ref_axis',(-1.,0.,0.));
#3012=DIRECTION('center_axis',(0.,0.,1.));
#3013=DIRECTION('ref_axis',(-1.,-2.22044604925031E-15,0.));
#3014=DIRECTION('center_axis',(-3.02500082541043E-33,5.87314014838741E-34,
1.));
#3015=DIRECTION('ref_axis',(-1.,0.,-3.02500082541043E-33));
#3016=DIRECTION('',(-1.48048436645022E-10,-1.,-7.41814360839595E-32));
#3017=DIRECTION('',(-6.24262820588914E-10,1.,-7.11602948144949E-31));
#3018=DIRECTION('',(0.,-1.,5.87314014838741E-34));
#3019=DIRECTION('center_axis',(3.02500082541043E-33,-5.87314014838741E-34,
-1.));
#3020=DIRECTION('ref_axis',(-8.88178419700136E-15,-1.,0.));
#3021=DIRECTION('',(-1.,-4.03717456390405E-16,-3.02500082541043E-33));
#3022=DIRECTION('center_axis',(3.02500082541043E-33,-5.87314014838741E-34,
-1.));
#3023=DIRECTION('ref_axis',(-1.,8.88178419700136E-15,0.));
#3024=DIRECTION('center_axis',(0.,0.,-1.));
#3025=DIRECTION('ref_axis',(-1.,-2.22044604925031E-15,0.));
#3026=DIRECTION('center_axis',(-1.,1.48048436645022E-10,0.));
#3027=DIRECTION('ref_axis',(-1.48048436645022E-10,-1.,-7.41814360839595E-32));
#3028=DIRECTION('center_axis',(1.,6.24262820588914E-10,0.));
#3029=DIRECTION('ref_axis',(-6.24262820588914E-10,1.,-7.11602948144949E-31));
#3030=DIRECTION('center_axis',(0.,0.,-1.));
#3031=DIRECTION('ref_axis',(-1.,-2.22044604925031E-15,0.));
#3032=DIRECTION('center_axis',(0.,0.,-1.));
#3033=DIRECTION('ref_axis',(-8.88178419700136E-15,-1.,0.));
#3034=DIRECTION('',(0.,0.,-1.));
#3035=DIRECTION('',(0.,0.,-1.));
#3036=DIRECTION('center_axis',(4.03717456390405E-16,-1.,0.));
#3037=DIRECTION('ref_axis',(-1.,-4.03717456390405E-16,0.));
#3038=DIRECTION('',(0.,0.,-1.));
#3039=DIRECTION('center_axis',(0.,0.,-1.));
#3040=DIRECTION('ref_axis',(-1.,8.88178419700136E-15,0.));
#3041=DIRECTION('center_axis',(1.,0.,0.));
#3042=DIRECTION('ref_axis',(0.,-1.,0.));
#3043=CARTESIAN_POINT('',(0.,0.,0.));
#3044=CARTESIAN_POINT('Origin',(110.358435751054,-92.226807,0.));
#3045=CARTESIAN_POINT('',(112.973941729918,-92.226807,-5.55111512312578E-16));
#3046=CARTESIAN_POINT('',(112.973941729918,-92.226807,2.6));
#3047=CARTESIAN_POINT('',(112.973941729918,-92.226807,4.6));
#3048=CARTESIAN_POINT('',(115.401938888939,-92.226807,2.6));
#3049=CARTESIAN_POINT('',(97.7686585218494,-92.226807,2.6));
#3050=CARTESIAN_POINT('',(115.401938888939,-92.226807,0.));
#3051=CARTESIAN_POINT('',(115.401938888939,-92.226807,0.));
#3052=CARTESIAN_POINT('',(97.7686585218494,-92.226807,0.));
#3053=CARTESIAN_POINT('Origin',(66.6170130338811,-84.3607837140364,4.6));
#3054=CARTESIAN_POINT('',(61.5807527129605,-93.000001385808,0.));
#3055=CARTESIAN_POINT('',(61.5807527129605,-93.000001385808,2.6));
#3056=CARTESIAN_POINT('',(61.5807527129605,-93.000001385808,4.6));
#3057=CARTESIAN_POINT('',(63.1130712810666,-93.726807,2.6));
#3058=CARTESIAN_POINT('Origin',(66.6170130338811,-84.3607837140364,2.6));
#3059=CARTESIAN_POINT('',(63.1130712810666,-93.726807,0.));
#3060=CARTESIAN_POINT('',(63.1130712810666,-93.726807,4.6));
#3061=CARTESIAN_POINT('Origin',(66.6170130338811,-84.3607837140364,0.));
#3062=CARTESIAN_POINT('Origin',(85.1788812926449,-58.4404034999996,0.));
#3063=CARTESIAN_POINT('',(109.220096678891,-93.000001385808,0.));
#3064=CARTESIAN_POINT('',(112.000001683831,-93.000001385808,0.));
#3065=CARTESIAN_POINT('',(98.5894414882381,-93.000001385808,0.));
#3066=CARTESIAN_POINT('Origin',(112.000001683831,-92.000001385808,0.));
#3067=CARTESIAN_POINT('',(115.615467576208,-92.2254284918614,0.));
#3068=CARTESIAN_POINT('',(100.400095231148,-92.323656579515,0.));
#3069=CARTESIAN_POINT('',(120.090649999997,-87.5867857462435,0.));
#3070=CARTESIAN_POINT('Origin',(115.42499503748,-87.56360548301,0.));
#3071=CARTESIAN_POINT('',(120.09065,-29.3427111278432,0.));
#3072=CARTESIAN_POINT('',(120.090649999998,-73.0135946231224,0.));
#3073=CARTESIAN_POINT('',(120.089271519971,-29.1291856844293,0.));
#3074=CARTESIAN_POINT('',(120.183843207865,-43.7782637758839,0.));
#3075=CARTESIAN_POINT('',(115.450624379094,-24.6539999999992,0.));
#3076=CARTESIAN_POINT('Origin',(115.4274827406,-29.31961936675,0.));
#3077=CARTESIAN_POINT('',(111.500001661479,-24.6539999999993,0.));
#3078=CARTESIAN_POINT('',(100.314752835869,-24.6539999999994,0.));
#3079=CARTESIAN_POINT('',(111.500001661479,-22.1539999999996,0.));
#3080=CARTESIAN_POINT('',(111.500001661479,-39.5529247722092,0.));
#3081=CARTESIAN_POINT('',(111.506939803911,-22.1539999999996,0.));
#3082=CARTESIAN_POINT('',(94.8411759605159,-22.1539999999996,0.));
#3083=CARTESIAN_POINT('',(111.506939803911,-20.6539999999996,0.));
#3084=CARTESIAN_POINT('',(111.506939803911,-39.5472017499996,0.));
#3085=CARTESIAN_POINT('',(115.459021066777,-20.6539999999992,0.));
#3086=CARTESIAN_POINT('',(100.318951179711,-20.6539999999994,0.));
#3087=CARTESIAN_POINT('',(124.088812510016,-29.0451739243413,0.));
#3088=CARTESIAN_POINT('Origin',(115.4274827406,-29.31961936675,0.));
#3089=CARTESIAN_POINT('',(124.09065,-29.3297996392243,0.));
#3090=CARTESIAN_POINT('',(124.183801531662,-43.7588966774829,0.));
#3091=CARTESIAN_POINT('',(124.090649999995,-87.5951963932101,0.));
#3092=CARTESIAN_POINT('',(124.090649999997,-73.0177999466064,0.));
#3093=CARTESIAN_POINT('',(115.699493055047,-96.2249693913866,0.));
#3094=CARTESIAN_POINT('Origin',(115.42499503748,-87.56360548301,0.));
#3095=CARTESIAN_POINT('',(115.414850444693,-96.226807,0.));
#3096=CARTESIAN_POINT('',(100.419462430246,-96.3236149028757,0.));
#3097=CARTESIAN_POINT('',(54.8964150020216,-96.226807,0.));
#3098=CARTESIAN_POINT('',(70.0376481473333,-96.226807,0.));
#3099=CARTESIAN_POINT('',(46.267193,-87.5218187264423,0.));
#3100=CARTESIAN_POINT('Origin',(54.934849486627,-87.55915531219,0.));
#3101=CARTESIAN_POINT('',(46.2671930000003,-29.2856905774419,0.));
#3102=CARTESIAN_POINT('',(46.2671930000002,-43.8630470387207,0.));
#3103=CARTESIAN_POINT('',(54.6584564776725,-20.6558340988344,0.));
#3104=CARTESIAN_POINT('Origin',(54.932694674871,-29.31705204031,0.));
#3105=CARTESIAN_POINT('',(54.9430188377927,-20.654,0.));
#3106=CARTESIAN_POINT('',(69.9385541617377,-20.5573487990194,0.));
#3107=CARTESIAN_POINT('',(97.5000014528632,-20.6539999999996,0.));
#3108=CARTESIAN_POINT('',(100.318951179711,-20.6539999999994,0.));
#3109=CARTESIAN_POINT('',(97.5000014528632,-21.6287387965456,0.));
#3110=CARTESIAN_POINT('',(97.5000014528632,-39.5529247722092,0.));
#3111=CARTESIAN_POINT('',(67.0452660985767,-21.6287387965456,0.));
#3112=CARTESIAN_POINT('',(76.1120736956108,-21.6287387965456,0.));
#3113=CARTESIAN_POINT('',(61.2831960279207,-24.6539999999999,0.));
#3114=CARTESIAN_POINT('Origin',(67.0452660985767,-28.6287387965316,0.));
#3115=CARTESIAN_POINT('',(54.9559093675585,-24.654,0.));
#3116=CARTESIAN_POINT('',(73.2310386602826,-24.6539999999998,0.));
#3117=CARTESIAN_POINT('',(54.7423964333108,-24.6553761617091,0.));
#3118=CARTESIAN_POINT('',(69.9578898225136,-24.5573072580102,0.));
#3119=CARTESIAN_POINT('',(50.2671930000045,-29.294040310954,0.));
#3120=CARTESIAN_POINT('Origin',(54.932694674871,-29.31705204031,0.));
#3121=CARTESIAN_POINT('',(50.267193,-87.5317563531998,0.));
#3122=CARTESIAN_POINT('',(50.2671930000034,-43.8672219054755,0.));
#3123=CARTESIAN_POINT('',(54.9066448524751,-92.2268070000002,0.));
#3124=CARTESIAN_POINT('Origin',(54.934849486627,-87.55915531219,0.));
#3125=CARTESIAN_POINT('',(57.0260608032797,-92.226807,-5.55111512312578E-16));
#3126=CARTESIAN_POINT('',(70.04276307256,-92.226807,0.));
#3127=CARTESIAN_POINT('',(58.0000008493662,-93.000001385808,0.));
#3128=CARTESIAN_POINT('Origin',(58.0000008493662,-92.000001385808,0.));
#3129=CARTESIAN_POINT('',(98.5894414882381,-93.000001385808,0.));
#3130=CARTESIAN_POINT('',(107.687778110775,-93.726807,0.));
#3131=CARTESIAN_POINT('',(70.0376481473333,-93.726807,0.));
#3132=CARTESIAN_POINT('Origin',(104.183836357989,-84.3607837140268,0.));
#3133=CARTESIAN_POINT('Origin',(85.1800887077355,-58.44032876166,1.8));
#3134=CARTESIAN_POINT('',(113.000001683831,-89.2434588202865,1.8));
#3135=CARTESIAN_POINT('',(113.000001683831,-89.0804477855182,1.8));
#3136=CARTESIAN_POINT('',(113.000001683831,-57.2201647906119,1.8));
#3137=CARTESIAN_POINT('',(114.169607341015,-84.8940546347278,1.8));
#3138=CARTESIAN_POINT('Origin',(104.183836357989,-84.3607837140268,1.8));
#3139=CARTESIAN_POINT('Origin',(115.42499503748,-87.56360548301,1.8));
#3140=CARTESIAN_POINT('Origin',(54.934849486627,-87.55915531219,0.600000000000001));
#3141=CARTESIAN_POINT('',(57.0000008493662,-89.6657283227872,1.8));
#3142=CARTESIAN_POINT('',(57.0000008493662,-89.6657283227872,2.6));
#3143=CARTESIAN_POINT('',(57.0000008493662,-89.6657283227872,0.600000000000001));
#3144=CARTESIAN_POINT('',(56.6488557737458,-85.1581800004225,2.6));
#3145=CARTESIAN_POINT('Origin',(54.934849486627,-87.55915531219,2.6));
#3146=CARTESIAN_POINT('',(56.6488557737458,-85.1581800004225,1.8));
#3147=CARTESIAN_POINT('',(56.6488557737458,-85.1581800004225,4.6));
#3148=CARTESIAN_POINT('Origin',(54.934849486627,-87.55915531219,1.8));
#3149=CARTESIAN_POINT('Origin',(104.183836357989,-84.3607837140268,4.6));
#3150=CARTESIAN_POINT('',(113.000001683831,-89.0804477855182,2.6));
#3151=CARTESIAN_POINT('',(113.000001683831,-89.0804477855182,4.6));
#3152=CARTESIAN_POINT('',(113.783836357965,-87.1607837141629,2.6));
#3153=CARTESIAN_POINT('Origin',(104.183836357989,-84.3607837140268,2.6));
#3154=CARTESIAN_POINT('',(113.783836357965,-87.1607837141629,4.6));
#3155=CARTESIAN_POINT('',(113.783836358007,-87.1607837140213,4.6));
#3156=CARTESIAN_POINT('',(113.839922521664,-86.9607837140271,4.6));
#3157=CARTESIAN_POINT('Origin',(104.183836357989,-84.3607837140268,4.6));
#3158=CARTESIAN_POINT('',(113.839922521664,-86.9607837140271,2.6));
#3159=CARTESIAN_POINT('',(113.839922521664,-86.9607837140271,4.6));
#3160=CARTESIAN_POINT('',(114.169607341015,-84.8940546347278,2.6));
#3161=CARTESIAN_POINT('Origin',(104.183836357989,-84.3607837140268,2.6));
#3162=CARTESIAN_POINT('',(114.169607341015,-84.8940546347278,4.6));
#3163=CARTESIAN_POINT('Origin',(113.000001683831,-56.0000008195639,4.6));
#3164=CARTESIAN_POINT('',(113.000001683831,-92.000001385808,2.6));
#3165=CARTESIAN_POINT('',(113.000001683831,-89.2434588202865,2.6));
#3166=CARTESIAN_POINT('',(113.000001683831,-57.2202021597818,2.6));
#3167=CARTESIAN_POINT('',(113.000001683831,-92.000001385808,4.6));
#3168=CARTESIAN_POINT('',(113.000001683831,-92.000001385808,4.6));
#3169=CARTESIAN_POINT('',(113.000001683831,-56.0000008195639,4.6));
#3170=CARTESIAN_POINT('',(113.000001683831,-57.2202021597817,4.6));
#3171=CARTESIAN_POINT('',(113.000001683831,-56.0000008195639,2.6));
#3172=CARTESIAN_POINT('',(113.000001683831,-56.0000008195639,4.6));
#3173=CARTESIAN_POINT('',(113.000001683831,-57.2202021597818,2.6));
#3174=CARTESIAN_POINT('',(113.000001683831,-89.2434588202865,0.600000000000001));
#3175=CARTESIAN_POINT('Origin',(112.000001683831,-56.0000008195639,4.6));
#3176=CARTESIAN_POINT('',(112.000001683831,-55.0000008195639,2.6));
#3177=CARTESIAN_POINT('Origin',(112.000001683831,-56.0000008195639,2.6));
#3178=CARTESIAN_POINT('',(112.000001683831,-55.0000008195639,4.6));
#3179=CARTESIAN_POINT('Origin',(112.000001683831,-56.0000008195639,4.6));
#3180=CARTESIAN_POINT('',(112.000001683831,-55.0000008195639,4.6));
#3181=CARTESIAN_POINT('Origin',(58.0000008493662,-55.0000008195639,4.6));
#3182=CARTESIAN_POINT('',(58.0000008493662,-55.0000008195639,2.6));
#3183=CARTESIAN_POINT('',(71.5894410710055,-55.0000008195639,2.6));
#3184=CARTESIAN_POINT('',(58.0000008493662,-55.0000008195639,4.6));
#3185=CARTESIAN_POINT('',(71.5894410710056,-55.0000008195639,4.6));
#3186=CARTESIAN_POINT('',(58.0000008493662,-55.0000008195639,4.6));
#3187=CARTESIAN_POINT('Origin',(58.0000008493662,-56.0000008195639,4.6));
#3188=CARTESIAN_POINT('',(57.0000008493662,-56.0000008195639,2.6));
#3189=CARTESIAN_POINT('Origin',(58.0000008493662,-56.0000008195639,2.6));
#3190=CARTESIAN_POINT('',(57.0000008493662,-56.0000008195639,4.6));
#3191=CARTESIAN_POINT('Origin',(58.0000008493662,-56.0000008195639,4.6));
#3192=CARTESIAN_POINT('',(57.0000008493662,-56.0000008195639,4.6));
#3193=CARTESIAN_POINT('Origin',(57.0000008493662,-92.000001385808,4.6));
#3194=CARTESIAN_POINT('',(57.0000008493662,-87.1017829192939,2.6));
#3195=CARTESIAN_POINT('',(57.0000008493662,-75.2202024429039,2.6));
#3196=CARTESIAN_POINT('',(57.0000008493662,-92.000001385808,4.6));
#3197=CARTESIAN_POINT('',(57.0000008493662,-75.2202024429038,4.6));
#3198=CARTESIAN_POINT('',(57.0000008493662,-92.000001385808,2.6));
#3199=CARTESIAN_POINT('',(57.0000008493662,-92.000001385808,4.6));
#3200=CARTESIAN_POINT('',(57.0000008493662,-75.2202024429039,2.6));
#3201=CARTESIAN_POINT('',(57.0000008493662,-87.1017829192939,1.8));
#3202=CARTESIAN_POINT('',(57.0000008493662,-75.220165073734,1.8));
#3203=CARTESIAN_POINT('',(57.0000008493662,-87.1017829192939,4.6));
#3204=CARTESIAN_POINT('Origin',(58.0000008493662,-92.000001385808,4.6));
#3205=CARTESIAN_POINT('',(57.0260608032797,-92.226807,2.6));
#3206=CARTESIAN_POINT('Origin',(58.0000008493662,-92.000001385808,2.6));
#3207=CARTESIAN_POINT('',(58.0000008493662,-93.000001385808,4.6));
#3208=CARTESIAN_POINT('Origin',(58.0000008493662,-92.000001385808,4.6));
#3209=CARTESIAN_POINT('',(58.0000008493662,-93.000001385808,4.6));
#3210=CARTESIAN_POINT('',(57.0260608032797,-92.226807,4.6));
#3211=CARTESIAN_POINT('Origin',(112.000001683831,-93.000001385808,4.6));
#3212=CARTESIAN_POINT('',(112.000001683831,-93.000001385808,4.6));
#3213=CARTESIAN_POINT('',(98.5894414882381,-93.000001385808,4.6));
#3214=CARTESIAN_POINT('',(112.000001683831,-93.000001385808,4.6));
#3215=CARTESIAN_POINT('',(109.220096678891,-93.000001385808,2.6));
#3216=CARTESIAN_POINT('',(109.220096678891,-93.000001385808,4.6));
#3217=CARTESIAN_POINT('',(98.5894414882381,-93.000001385808,2.6));
#3218=CARTESIAN_POINT('Origin',(112.000001683831,-92.000001385808,4.6));
#3219=CARTESIAN_POINT('Origin',(112.000001683831,-92.000001385808,4.6));
#3220=CARTESIAN_POINT('Origin',(112.000001683831,-92.000001385808,2.6));
#3221=CARTESIAN_POINT('Origin',(85.1788812926449,-58.4404034999997,2.6));
#3222=CARTESIAN_POINT('',(107.687778110775,-93.726807,2.6));
#3223=CARTESIAN_POINT('Origin',(104.183836357989,-84.3607837140268,2.6));
#3224=CARTESIAN_POINT('',(70.0376481473332,-93.726807,2.6));
#3225=CARTESIAN_POINT('Origin',(85.1788812926449,-58.4404034999997,2.6));
#3226=CARTESIAN_POINT('Origin',(66.6170130338811,-84.3607837140364,2.6));
#3227=CARTESIAN_POINT('',(54.9066448524751,-92.2268070000002,2.6));
#3228=CARTESIAN_POINT('',(70.04276307256,-92.226807,2.6));
#3229=CARTESIAN_POINT('',(50.267193,-87.5317563531998,2.6));
#3230=CARTESIAN_POINT('Origin',(54.934849486627,-87.55915531219,2.6));
#3231=CARTESIAN_POINT('',(50.2671930000045,-29.294040310954,2.6));
#3232=CARTESIAN_POINT('',(50.2671930000034,-43.8672219054755,2.6));
#3233=CARTESIAN_POINT('',(54.7423964333108,-24.6553761617091,2.6));
#3234=CARTESIAN_POINT('Origin',(54.932694674871,-29.31705204031,2.6));
#3235=CARTESIAN_POINT('',(54.9559093675585,-24.654,2.6));
#3236=CARTESIAN_POINT('',(69.9578898225136,-24.5573072580102,2.6));
#3237=CARTESIAN_POINT('',(61.2831960279207,-24.6539999999999,2.6));
#3238=CARTESIAN_POINT('',(73.2310386602826,-24.6539999999998,2.6));
#3239=CARTESIAN_POINT('',(60.0452660985907,-28.6287387965316,2.6));
#3240=CARTESIAN_POINT('Origin',(67.0452660985767,-28.6287387965316,2.6));
#3241=CARTESIAN_POINT('',(60.0452660985907,-42.9383460759936,2.6));
#3242=CARTESIAN_POINT('',(60.0452660985907,-50.6893747879967,2.6));
#3243=CARTESIAN_POINT('',(67.0452660985908,-49.9383460759936,2.6));
#3244=CARTESIAN_POINT('Origin',(67.0452660985908,-42.9383460759936,2.6));
#3245=CARTESIAN_POINT('',(105.505710852896,-49.9383460759936,2.6));
#3246=CARTESIAN_POINT('',(95.3422960727703,-49.9383460759936,2.6));
#3247=CARTESIAN_POINT('',(112.505710852896,-42.9383460759936,2.6));
#3248=CARTESIAN_POINT('Origin',(105.505710852896,-42.9383460759936,2.6));
#3249=CARTESIAN_POINT('',(112.505710852897,-29.7267422428287,2.6));
#3250=CARTESIAN_POINT('',(112.505710852896,-43.5345711482741,2.6));
#3251=CARTESIAN_POINT('',(112.505710852897,-28.912496490671,2.6));
#3252=CARTESIAN_POINT('Origin',(115.4274827406,-29.31961936675,2.6));
#3253=CARTESIAN_POINT('',(112.505710852897,-28.6287387965473,2.6));
#3254=CARTESIAN_POINT('',(112.505710852896,-43.5345711482741,2.6));
#3255=CARTESIAN_POINT('',(111.500001661479,-25.0137038448295,2.6));
#3256=CARTESIAN_POINT('Origin',(105.505710852895,-28.6287387965477,2.6));
#3257=CARTESIAN_POINT('',(111.500001661479,-24.6539999999993,2.6));
#3258=CARTESIAN_POINT('',(111.500001661479,-39.5529247722092,2.6));
#3259=CARTESIAN_POINT('',(115.450624379094,-24.6539999999992,2.6));
#3260=CARTESIAN_POINT('',(100.314752835869,-24.6539999999994,2.6));
#3261=CARTESIAN_POINT('',(120.089271519971,-29.1291856844293,2.6));
#3262=CARTESIAN_POINT('Origin',(115.4274827406,-29.31961936675,2.6));
#3263=CARTESIAN_POINT('',(120.09065,-29.3427111278432,2.6));
#3264=CARTESIAN_POINT('',(120.183843207865,-43.7782637758839,2.6));
#3265=CARTESIAN_POINT('',(120.090649999997,-87.5867857462435,2.6));
#3266=CARTESIAN_POINT('',(120.090649999998,-73.0135946231224,2.6));
#3267=CARTESIAN_POINT('',(115.615467576208,-92.2254284918614,2.6));
#3268=CARTESIAN_POINT('Origin',(115.42499503748,-87.56360548301,2.6));
#3269=CARTESIAN_POINT('',(100.400095231148,-92.323656579515,2.6));
#3270=CARTESIAN_POINT('Origin',(115.42499503748,-87.56360548301,2.6));
#3271=CARTESIAN_POINT('',(113.783836358007,-86.9607837140277,2.6));
#3272=CARTESIAN_POINT('',(114.183836358007,-86.9607837140268,2.6));
#3273=CARTESIAN_POINT('',(113.783836357966,-51.35514825493,2.6));
#3274=CARTESIAN_POINT('',(51.982694674871,-29.31705204031,2.6));
#3275=CARTESIAN_POINT('Origin',(54.932694674871,-29.31705204031,2.6));
#3276=CARTESIAN_POINT('Origin',(54.9257798497641,-87.5293363560625,1.6));
#3277=CARTESIAN_POINT('',(56.1507798497641,-87.5293363560625,-3.2));
#3278=CARTESIAN_POINT('Origin',(54.9257798497641,-87.5293363560625,-3.2));
#3279=CARTESIAN_POINT('',(56.1507798497641,-87.5293363560625,1.6));
#3280=CARTESIAN_POINT('',(56.1507798497641,-87.5293363560625,1.6));
#3281=CARTESIAN_POINT('Origin',(54.9257798497641,-87.5293363560625,1.6));
#3282=CARTESIAN_POINT('Origin',(54.9257798497641,-87.5293363560625,-3.2));
#3283=CARTESIAN_POINT('Origin',(54.934849,-87.559155,1.6));
#3284=CARTESIAN_POINT('',(56.534849,-87.559155,1.8));
#3285=CARTESIAN_POINT('Origin',(54.934849,-87.559155,1.8));
#3286=CARTESIAN_POINT('',(56.534849,-87.559155,1.6));
#3287=CARTESIAN_POINT('',(56.534849,-87.559155,1.6));
#3288=CARTESIAN_POINT('Origin',(54.934849,-87.559155,1.6));
#3289=CARTESIAN_POINT('Origin',(54.934849,-87.559155,1.6));
#3290=CARTESIAN_POINT('Origin',(115.422995,-29.32165,-3.2));
#3291=CARTESIAN_POINT('',(114.197995,-29.32165,-3.2));
#3292=CARTESIAN_POINT('Origin',(115.422995,-29.32165,-3.2));
#3293=CARTESIAN_POINT('Origin',(115.422995,-29.32165,1.6));
#3294=CARTESIAN_POINT('',(114.197995,-29.32165,1.8));
#3295=CARTESIAN_POINT('',(114.197995,-29.32165,1.6));
#3296=CARTESIAN_POINT('Origin',(115.422995,-29.32165,1.8));
#3297=CARTESIAN_POINT('Origin',(111.506939803911,-20.6539999999996,4.6));
#3298=CARTESIAN_POINT('',(111.500001661479,-20.6654460444174,4.6));
#3299=CARTESIAN_POINT('',(111.500001661479,-22.1539999999996,4.6));
#3300=CARTESIAN_POINT('',(111.500001661479,-20.6597230222092,4.6));
#3301=CARTESIAN_POINT('',(111.506939803911,-20.6654460444174,4.6));
#3302=CARTESIAN_POINT('',(69.2638039843746,-20.6654460444195,4.6));
#3303=CARTESIAN_POINT('',(111.506939803911,-22.1539999999996,4.6));
#3304=CARTESIAN_POINT('',(111.506939803911,-20.6539999999996,4.6));
#3305=CARTESIAN_POINT('',(111.506939803911,-22.1539999999996,4.6));
#3306=CARTESIAN_POINT('Origin',(104.503470628387,-22.1539999999996,2.3));
#3307=CARTESIAN_POINT('',(111.500001661479,-22.1539999999996,1.07657359099057));
#3308=CARTESIAN_POINT('',(111.506939803911,-22.1539999999996,-1.00000001490116));
#3309=CARTESIAN_POINT('Origin',(111.506939803911,-20.6539999999996,0.));
#3310=CARTESIAN_POINT('',(111.506939803911,-20.6539999999996,4.6));
#3311=CARTESIAN_POINT('',(111.506939803911,-20.6539999999993,0.8));
#3312=CARTESIAN_POINT('',(111.506939803911,-39.5472017499996,4.6));
#3313=CARTESIAN_POINT('Origin',(111.500001661479,-20.6654460444187,-0.146852818018852));
#3314=CARTESIAN_POINT('',(111.500001661479,-24.6539999999993,-0.0734264090094261));
#3315=CARTESIAN_POINT('',(111.500001661479,-25.0137038448295,5.00000009685755));
#3316=CARTESIAN_POINT('',(111.500001661479,-25.0137038448295,4.6));
#3317=CARTESIAN_POINT('',(111.500001661479,-20.6654460444187,5.00000009685755));
#3318=CARTESIAN_POINT('',(111.500001661479,-20.6654460444187,5.00000009685755));
#3319=CARTESIAN_POINT('',(111.500001661479,-20.6654460444174,2.22657359099057));
#3320=CARTESIAN_POINT('Origin',(97.5000014528632,-20.6654460444187,5.00000009685755));
#3321=CARTESIAN_POINT('',(97.5000014528632,-20.6654460444187,5.00000009685755));
#3322=CARTESIAN_POINT('',(97.5000014528632,-20.6654460444181,4.6));
#3323=CARTESIAN_POINT('',(97.5000014528632,-20.6654460444181,4.80000004842877));
#3324=CARTESIAN_POINT('',(97.5000014528632,-21.6287387965456,5.00000009685755));
#3325=CARTESIAN_POINT('',(97.5000014528632,-20.6654460444187,5.00000009685755));
#3326=CARTESIAN_POINT('',(97.5000014528632,-21.6287387965456,4.80000004842877));
#3327=CARTESIAN_POINT('',(97.5000014528632,-20.6539999999996,4.6));
#3328=CARTESIAN_POINT('',(97.5000014528632,-20.6539999999995,3.1));
#3329=CARTESIAN_POINT('',(97.5000014528632,-39.5472017499996,4.6));
#3330=CARTESIAN_POINT('Origin',(85.1788812926449,-58.4404034999996,4.6));
#3331=CARTESIAN_POINT('',(54.9430188377927,-20.654,4.6));
#3332=CARTESIAN_POINT('',(115.459021066777,-20.6539999999992,4.6));
#3333=CARTESIAN_POINT('',(54.6584564776725,-20.6558340988344,4.6));
#3334=CARTESIAN_POINT('',(54.9430188377927,-20.654,4.6));
#3335=CARTESIAN_POINT('',(54.4411496510672,-20.6654460444203,4.6));
#3336=CARTESIAN_POINT('Origin',(54.932694674871,-29.31705204031,4.6));
#3337=CARTESIAN_POINT('',(69.2638039843746,-20.6654460444195,4.6));
#3338=CARTESIAN_POINT('Origin',(115.459021066777,-20.6539999999992,1.6));
#3339=CARTESIAN_POINT('',(54.9430188377927,-20.654,1.6));
#3340=CARTESIAN_POINT('Origin',(99.0000014528632,-20.6654460444187,5.00000009685754));
#3341=CARTESIAN_POINT('',(99.0000014528632,-21.6287387965456,6.50000009685754));
#3342=CARTESIAN_POINT('Origin',(99.0000014528632,-21.6287387965456,5.00000009685754));
#3343=CARTESIAN_POINT('',(99.0000014528632,-20.6654460444187,6.50000009685754));
#3344=CARTESIAN_POINT('Origin',(99.0000014528632,-20.6654460444204,5.00000009685754));
#3345=CARTESIAN_POINT('',(99.0000014528632,-20.6654460444187,6.50000009685754));
#3346=CARTESIAN_POINT('Origin',(110.000001661479,-20.6654460444187,5.00000009685754));
#3347=CARTESIAN_POINT('',(110.000001661479,-23.2620498612825,6.50000009685755));
#3348=CARTESIAN_POINT('Ctrl Pts',(110.000001661479,-23.2620498612825,6.50000009685755));
#3349=CARTESIAN_POINT('Ctrl Pts',(110.2165547379,-23.443400506469,6.50000009685755));
#3350=CARTESIAN_POINT('Ctrl Pts',(110.436626956507,-23.6518252824181,6.45138116041569));
#3351=CARTESIAN_POINT('Ctrl Pts',(110.830278367859,-24.0754342780601,6.26798648159163));
#3352=CARTESIAN_POINT('Ctrl Pts',(111.004299147898,-24.2906206128082,6.13416498617472));
#3353=CARTESIAN_POINT('Ctrl Pts',(111.238157529313,-24.6081094739546,5.85968134362934));
#3354=CARTESIAN_POINT('Ctrl Pts',(111.329569129836,-24.7432155929268,5.7168242026752));
#3355=CARTESIAN_POINT('Ctrl Pts',(111.427593528642,-24.8957829255591,5.46891164624174));
#3356=CARTESIAN_POINT('Ctrl Pts',(111.453965762943,-24.938286456122,5.38064002536271));
#3357=CARTESIAN_POINT('Ctrl Pts',(111.490158781299,-24.9972649298287,5.19568496748727));
#3358=CARTESIAN_POINT('Ctrl Pts',(111.500001661479,-25.0137038448295,5.09899436821003));
#3359=CARTESIAN_POINT('Ctrl Pts',(111.500001661479,-25.0137038448295,5.00000009685754));
#3360=CARTESIAN_POINT('',(110.000001661479,-20.6654460444187,6.50000009685755));
#3361=CARTESIAN_POINT('',(110.000001661479,-20.6654460444187,6.50000009685755));
#3362=CARTESIAN_POINT('Origin',(110.000001661479,-20.6654460444204,5.00000009685754));
#3363=CARTESIAN_POINT('Origin',(115.450624379094,-24.6539999999992,0.));
#3364=CARTESIAN_POINT('',(115.450624379094,-24.6539999999992,0.));
#3365=CARTESIAN_POINT('Origin',(67.0452660985767,-21.6287387965456,4.6));
#3366=CARTESIAN_POINT('',(105.505710852895,-21.6287387965459,6.50000009685755));
#3367=CARTESIAN_POINT('',(88.5226338800281,-21.6287387965456,6.50000009685755));
#3368=CARTESIAN_POINT('',(105.505710852895,-21.6287387965459,6.96));
#3369=CARTESIAN_POINT('',(105.505710852895,-21.6287387965459,4.6));
#3370=CARTESIAN_POINT('',(67.0452660985767,-21.6287387965456,6.96));
#3371=CARTESIAN_POINT('',(76.1120736956108,-21.6287387965456,6.96));
#3372=CARTESIAN_POINT('',(67.0452660985767,-21.6287387965456,4.6));
#3373=CARTESIAN_POINT('Origin',(53.3487266761062,-20.6654460444204,4.6));
#3374=CARTESIAN_POINT('',(81.6743641687928,-20.6654460444189,6.50000009685755));
#3375=CARTESIAN_POINT('',(53.3487266761062,-20.6654460444204,4.6));
#3376=CARTESIAN_POINT('',(53.3487266761062,-20.6654460444204,4.6));
#3377=CARTESIAN_POINT('',(53.3487266761062,-20.6654460444204,8.25));
#3378=CARTESIAN_POINT('',(53.3487266761062,-20.6654460444204,7.85));
#3379=CARTESIAN_POINT('',(53.3487266761062,-20.6654460444204,9.25));
#3380=CARTESIAN_POINT('',(53.3487266761062,-20.6654460444204,8.25));
#3381=CARTESIAN_POINT('',(117.093230962206,-20.6654460444171,9.25));
#3382=CARTESIAN_POINT('',(117.093230962206,-20.6654460444171,9.25));
#3383=CARTESIAN_POINT('',(117.093230962206,-20.6654460444171,8.25));
#3384=CARTESIAN_POINT('',(117.093230962206,-20.6654460444171,8.25));
#3385=CARTESIAN_POINT('',(117.093230962206,-20.6654460444171,4.6));
#3386=CARTESIAN_POINT('',(117.093230962206,-20.6654460444171,4.6));
#3387=CARTESIAN_POINT('',(115.873843337479,-20.6654460444172,4.6));
#3388=CARTESIAN_POINT('',(53.3487266761062,-20.6654460444204,4.6));
#3389=CARTESIAN_POINT('',(69.2638039843746,-20.6654460444195,4.6));
#3390=CARTESIAN_POINT('Origin',(113.783836358007,-51.35514825493,2.6));
#3391=CARTESIAN_POINT('',(113.783836358007,-86.9607837140277,4.6));
#3392=CARTESIAN_POINT('',(113.783836358007,-86.9607837140272,2.6));
#3393=CARTESIAN_POINT('',(113.783836357966,-51.35514825493,4.6));
#3394=CARTESIAN_POINT('Origin',(85.1788812926449,-58.4404034999996,4.6));
#3395=CARTESIAN_POINT('',(54.8964150020216,-96.226807,4.6));
#3396=CARTESIAN_POINT('',(115.414850444693,-96.226807,4.6));
#3397=CARTESIAN_POINT('',(54.8964150020216,-96.226807,4.6));
#3398=CARTESIAN_POINT('',(115.699493055047,-96.2249693913866,4.6));
#3399=CARTESIAN_POINT('',(115.414850444693,-96.226807,4.6));
#3400=CARTESIAN_POINT('',(124.090649999995,-87.5951963932101,4.6));
#3401=CARTESIAN_POINT('Origin',(115.42499503748,-87.56360548301,4.6));
#3402=CARTESIAN_POINT('',(124.090649999999,-43.1900712873846,4.6));
#3403=CARTESIAN_POINT('',(124.090649999995,-87.5951963932101,4.6));
#3404=CARTESIAN_POINT('',(117.093230962315,-50.0000007450581,4.6));
#3405=CARTESIAN_POINT('Origin',(117.093230962315,-43.0000007450581,4.60000000000001));
#3406=CARTESIAN_POINT('',(53.3487266761023,-50.0000007450581,4.6));
#3407=CARTESIAN_POINT('',(69.2638039843736,-50.0000007450581,4.6));
#3408=CARTESIAN_POINT('',(46.3487266761068,-43.0000007452348,4.6));
#3409=CARTESIAN_POINT('Origin',(53.3487266761023,-43.0000007450625,4.60000000000001));
#3410=CARTESIAN_POINT('',(46.3487266761068,-28.130714729621,4.6));
#3411=CARTESIAN_POINT('',(46.3487266761068,-46.886563447466,4.6));
#3412=CARTESIAN_POINT('',(46.2671930000003,-29.2856905774419,4.6));
#3413=CARTESIAN_POINT('Origin',(54.932694674871,-29.31705204031,4.6));
#3414=CARTESIAN_POINT('',(46.267193,-87.5218187264423,4.6));
#3415=CARTESIAN_POINT('',(46.2671930000003,-29.2856905774419,4.6));
#3416=CARTESIAN_POINT('Origin',(54.934849486627,-87.55915531219,4.6));
#3417=CARTESIAN_POINT('',(114.183836358007,-86.9607837140268,4.6));
#3418=CARTESIAN_POINT('Origin',(114.183836358007,-86.9607837140268,2.6));
#3419=CARTESIAN_POINT('Origin',(54.8964150020216,-93.726807,1.6));
#3420=CARTESIAN_POINT('',(107.687778110775,-93.726807,4.6));
#3421=CARTESIAN_POINT('Origin',(66.6170130338811,-84.3607837140364,4.6));
#3422=CARTESIAN_POINT('Origin',(66.6170130338811,-84.3607837140364,1.8));
#3423=CARTESIAN_POINT('Origin',(104.183836357989,-84.3607837140268,4.6));
#3424=CARTESIAN_POINT('Origin',(54.9066448524751,-92.226807,0.));
#3425=CARTESIAN_POINT('',(54.9066448524751,-92.2268070000002,0.));
#3426=CARTESIAN_POINT('Origin',(54.934849486627,-87.55915531219,0.));
#3427=CARTESIAN_POINT('',(50.267193,-87.5317563531998,0.));
#3428=CARTESIAN_POINT('Origin',(50.2671930000045,-29.294040310954,0.));
#3429=CARTESIAN_POINT('',(50.2671930000045,-29.294040310954,0.));
#3430=CARTESIAN_POINT('Origin',(54.932694674871,-29.31705204031,0.));
#3431=CARTESIAN_POINT('',(54.7423964333108,-24.6553761617091,0.));
#3432=CARTESIAN_POINT('Origin',(54.9559093675585,-24.654,0.));
#3433=CARTESIAN_POINT('',(54.9559093675585,-24.654,0.));
#3434=CARTESIAN_POINT('Origin',(61.2831960279207,-24.6539999999999,0.));
#3435=CARTESIAN_POINT('',(61.2831960279207,-24.6539999999999,4.6));
#3436=CARTESIAN_POINT('Origin',(115.4274827406,-29.31961936675,0.));
#3437=CARTESIAN_POINT('',(120.089271519971,-29.1291856844293,0.));
#3438=CARTESIAN_POINT('Origin',(120.09065,-29.3427111278432,0.));
#3439=CARTESIAN_POINT('',(120.09065,-29.3427111278432,0.));
#3440=CARTESIAN_POINT('Origin',(120.090649999997,-87.5867857462435,0.));
#3441=CARTESIAN_POINT('',(120.090649999997,-87.5867857462435,0.));
#3442=CARTESIAN_POINT('Origin',(115.42499503748,-87.56360548301,0.));
#3443=CARTESIAN_POINT('',(115.615467576208,-92.2254284918614,0.));
#3444=CARTESIAN_POINT('Origin',(115.401938888939,-92.226807,0.));
#3445=CARTESIAN_POINT('Origin',(105.505710852895,-28.6287387965477,4.6));
#3446=CARTESIAN_POINT('',(112.505710852897,-28.6287387965473,6.96));
#3447=CARTESIAN_POINT('',(112.505710852897,-28.6287387965473,4.6));
#3448=CARTESIAN_POINT('Origin',(105.505710852895,-28.6287387965477,6.96));
#3449=CARTESIAN_POINT('Origin',(105.505710852895,-28.6287387965477,6.50000009685755));
#3450=CARTESIAN_POINT('Origin',(108.500001639128,-20.6539999999996,6.50000009685755));
#3451=CARTESIAN_POINT('Origin',(115.459021066777,-20.6539999999992,1.6));
#3452=CARTESIAN_POINT('',(115.459021066777,-20.6539999999992,4.6));
#3453=CARTESIAN_POINT('',(115.459021066777,-20.6539999999992,4.6));
#3454=CARTESIAN_POINT('',(115.459021066777,-20.6539999999992,1.6));
#3455=CARTESIAN_POINT('Origin',(85.1800887077355,-58.44032876166,1.8));
#3456=CARTESIAN_POINT('',(112.505710852897,-29.7267422428287,1.8));
#3457=CARTESIAN_POINT('',(112.505710852897,-28.912496490671,1.8));
#3458=CARTESIAN_POINT('Origin',(115.4274827406,-29.31961936675,1.8));
#3459=CARTESIAN_POINT('',(112.505710852896,-43.5345337791042,1.8));
#3460=CARTESIAN_POINT('Origin',(85.1800887077355,-58.44032876166,1.8));
#3461=CARTESIAN_POINT('Origin',(85.1800887077355,-58.44032876166,1.8));
#3462=CARTESIAN_POINT('',(51.982694674871,-29.31705204031,1.8));
#3463=CARTESIAN_POINT('Origin',(54.932694674871,-29.31705204031,1.8));
#3464=CARTESIAN_POINT('Origin',(115.4274827406,-29.31961936675,0.600000000000001));
#3465=CARTESIAN_POINT('',(112.505710852897,-28.912496490671,0.600000000000001));
#3466=CARTESIAN_POINT('',(112.505710852897,-29.7267422428287,0.600000000000001));
#3467=CARTESIAN_POINT('Origin',(112.505710852897,-28.6287387965473,4.6));
#3468=CARTESIAN_POINT('',(112.505710852896,-42.9383460759936,6.96));
#3469=CARTESIAN_POINT('',(112.505710852896,-42.9383460759936,4.6));
#3470=CARTESIAN_POINT('',(112.505710852896,-43.534571148274,6.96));
#3471=CARTESIAN_POINT('Origin',(86.2754884757437,-35.7835424362696,6.96));
#3472=CARTESIAN_POINT('',(60.0452660985907,-35.2591756931256,6.96));
#3473=CARTESIAN_POINT('',(64.0000008941632,-31.8592362704393,6.96));
#3474=CARTESIAN_POINT('Origin',(64.0000008941806,-35.8592362704239,6.96));
#3475=CARTESIAN_POINT('',(60.0452660985907,-28.6287387965316,6.96));
#3476=CARTESIAN_POINT('',(60.0452660985907,-50.6893747879966,6.96));
#3477=CARTESIAN_POINT('Origin',(67.0452660985767,-28.6287387965316,6.96));
#3478=CARTESIAN_POINT('',(105.505710852896,-49.9383460759936,6.96));
#3479=CARTESIAN_POINT('Origin',(105.505710852896,-42.9383460759936,6.96));
#3480=CARTESIAN_POINT('',(67.0452660985908,-49.9383460759936,6.96));
#3481=CARTESIAN_POINT('',(95.3422960727703,-49.9383460759936,6.96));
#3482=CARTESIAN_POINT('',(63.4879969865236,-48.9670968972113,6.96));
#3483=CARTESIAN_POINT('Origin',(67.0452660985908,-42.9383460759936,6.96));
#3484=CARTESIAN_POINT('',(64.0000008940697,-49.0000007301569,6.96));
#3485=CARTESIAN_POINT('Origin',(64.0000008940697,-45.0000007301569,6.96));
#3486=CARTESIAN_POINT('',(70.2334143893364,-49.0000007301569,6.96));
#3487=CARTESIAN_POINT('',(78.2544514325401,-49.0000007301569,6.96));
#3488=CARTESIAN_POINT('',(74.2334143893364,-45.0000007301569,6.96));
#3489=CARTESIAN_POINT('Origin',(70.2334143893364,-45.0000007301569,6.96));
#3490=CARTESIAN_POINT('',(74.2334143893324,-35.85923627038,6.96));
#3491=CARTESIAN_POINT('',(74.2334143893324,-35.8213893533246,6.96));
#3492=CARTESIAN_POINT('',(70.2334143893371,-31.8592362703217,6.96));
#3493=CARTESIAN_POINT('Origin',(70.2334143893277,-35.8592362703264,6.96));
#3494=CARTESIAN_POINT('',(75.1377446849465,-31.8592362704,6.96));
#3495=CARTESIAN_POINT('',(74.0000011026859,-27.0000003874302,6.96));
#3496=CARTESIAN_POINT('',(74.0000011026859,-28.0000004321337,6.96));
#3497=CARTESIAN_POINT('',(74.0000011026859,-31.3917714118499,6.96));
#3498=CARTESIAN_POINT('',(73.0000011026859,-26.0000003874302,6.96));
#3499=CARTESIAN_POINT('Origin',(73.0000011026859,-27.0000003874302,6.96));
#3500=CARTESIAN_POINT('',(62.0000009089708,-26.0000003874302,6.96));
#3501=CARTESIAN_POINT('',(74.1377446923573,-26.0000003874302,6.96));
#3502=CARTESIAN_POINT('',(61.0000009089708,-27.0000003874302,6.96));
#3503=CARTESIAN_POINT('Origin',(62.0000009089708,-27.0000003874302,6.96));
#3504=CARTESIAN_POINT('',(61.0000009089708,-28.0000004321337,6.96));
#3505=CARTESIAN_POINT('',(61.0000009089708,-31.8917714342016,6.96));
#3506=CARTESIAN_POINT('',(62.0000009089708,-29.0000004321337,6.96));
#3507=CARTESIAN_POINT('Origin',(62.0000009089708,-28.0000004321337,6.96));
#3508=CARTESIAN_POINT('',(73.0000011026859,-29.0000004321337,6.96));
#3509=CARTESIAN_POINT('',(79.6377447892148,-29.0000004321337,6.96));
#3510=CARTESIAN_POINT('Origin',(73.0000011026859,-28.0000004321337,6.96));
#3511=CARTESIAN_POINT('Origin',(61.0000009089708,-28.0000004321337,9.25));
#3512=CARTESIAN_POINT('',(61.0000009089708,-27.0000003874302,9.25));
#3513=CARTESIAN_POINT('',(61.0000009089708,-27.0000003874302,9.25));
#3514=CARTESIAN_POINT('',(61.0000009089708,-28.0000004321337,9.25));
#3515=CARTESIAN_POINT('',(61.0000009089708,-31.6663619134356,9.25));
#3516=CARTESIAN_POINT('',(61.0000009089708,-28.0000004321337,9.25));
#3517=CARTESIAN_POINT('Origin',(62.0000009089708,-27.0000003874302,9.25));
#3518=CARTESIAN_POINT('',(62.0000009089708,-26.0000003874302,9.25));
#3519=CARTESIAN_POINT('',(62.0000009089708,-26.0000003874302,9.25));
#3520=CARTESIAN_POINT('Origin',(62.0000009089708,-27.0000003874302,9.25));
#3521=CARTESIAN_POINT('Origin',(62.0000009089708,-26.0000003874302,9.25));
#3522=CARTESIAN_POINT('',(73.0000011026859,-26.0000003874302,9.25));
#3523=CARTESIAN_POINT('',(73.0000011026859,-26.0000003874302,9.25));
#3524=CARTESIAN_POINT('',(73.6104898640909,-26.0000003874302,9.25));
#3525=CARTESIAN_POINT('Origin',(73.0000011026859,-27.0000003874302,9.25));
#3526=CARTESIAN_POINT('',(74.0000011026859,-27.0000003874302,9.25));
#3527=CARTESIAN_POINT('',(74.0000011026859,-27.0000003874302,9.25));
#3528=CARTESIAN_POINT('Origin',(73.0000011026859,-27.0000003874302,9.25));
#3529=CARTESIAN_POINT('Origin',(64.0000008941806,-35.8592362704239,8.25));
#3530=CARTESIAN_POINT('',(60.0452660985907,-35.2591756931256,4.6));
#3531=CARTESIAN_POINT('',(60.0452660985907,-35.2591756931256,8.25));
#3532=CARTESIAN_POINT('',(64.0000008941632,-31.8592362704393,9.25));
#3533=CARTESIAN_POINT('',(64.0000008941632,-31.8592362704393,8.25));
#3534=CARTESIAN_POINT('',(60.000000894196,-35.8592362704239,9.25));
#3535=CARTESIAN_POINT('Origin',(64.0000008941806,-35.8592362704239,9.25));
#3536=CARTESIAN_POINT('',(60.000000894196,-35.8592362704239,4.6));
#3537=CARTESIAN_POINT('',(60.000000894196,-35.8592362704239,8.25));
#3538=CARTESIAN_POINT('Origin',(64.0000008941806,-35.8592362704239,4.6));
#3539=CARTESIAN_POINT('Origin',(60.0452660985907,-42.9383460759936,4.6));
#3540=CARTESIAN_POINT('',(60.0452660985907,-28.6287387965316,4.6));
#3541=CARTESIAN_POINT('',(60.0452660985907,-42.9383460759936,4.6));
#3542=CARTESIAN_POINT('',(60.0452660985907,-50.6893747879966,4.6));
#3543=CARTESIAN_POINT('',(60.0452660985907,-42.9383460759936,4.6));
#3544=CARTESIAN_POINT('Origin',(67.0452660985908,-42.9383460759936,4.6));
#3545=CARTESIAN_POINT('',(63.4879969865236,-48.9670968972113,4.6));
#3546=CARTESIAN_POINT('Origin',(67.0452660985908,-42.9383460759936,4.6));
#3547=CARTESIAN_POINT('',(63.4879969865236,-48.9670968972113,4.6));
#3548=CARTESIAN_POINT('',(67.0452660985908,-49.9383460759936,4.6));
#3549=CARTESIAN_POINT('Origin',(105.505710852896,-49.9383460759936,4.6));
#3550=CARTESIAN_POINT('',(105.505710852896,-49.9383460759936,4.6));
#3551=CARTESIAN_POINT('Origin',(105.505710852896,-42.9383460759936,4.6));
#3552=CARTESIAN_POINT('Origin',(67.0452660985767,-28.6287387965316,4.6));
#3553=CARTESIAN_POINT('Origin',(54.932694674871,-29.31705204031,2.6));
#3554=CARTESIAN_POINT('',(51.982694674871,-29.31705204031,2.6));
#3555=CARTESIAN_POINT('Origin',(124.090649999995,-87.5951963932101,1.6));
#3556=CARTESIAN_POINT('',(124.09065,-29.3297996392243,4.6));
#3557=CARTESIAN_POINT('',(124.09065,-29.3297996392243,1.6));
#3558=CARTESIAN_POINT('',(124.090649999995,-87.5951963932101,4.6));
#3559=CARTESIAN_POINT('',(124.090649999995,-87.5951963932101,1.6));
#3560=CARTESIAN_POINT('Origin',(124.09065,-29.3297996392243,1.6));
#3561=CARTESIAN_POINT('',(124.088812510016,-29.0451739243413,4.6));
#3562=CARTESIAN_POINT('',(124.088812510016,-29.0451739243413,1.6));
#3563=CARTESIAN_POINT('',(124.09065,-29.3297996392243,4.6));
#3564=CARTESIAN_POINT('Origin',(115.4274827406,-29.31961936675,1.6));
#3565=CARTESIAN_POINT('Origin',(115.4274827406,-29.31961936675,4.6));
#3566=CARTESIAN_POINT('',(117.093230962315,-20.815547604513,4.6));
#3567=CARTESIAN_POINT('Origin',(115.4274827406,-29.31961936675,4.6));
#3568=CARTESIAN_POINT('',(117.0932309623,-20.8155476045099,8.25));
#3569=CARTESIAN_POINT('',(117.093230962315,-20.815547604513,627.993134751962));
#3570=CARTESIAN_POINT('',(117.0932309623,-20.81554760451,9.25));
#3571=CARTESIAN_POINT('',(117.0932309623,-20.81554760451,8.25));
#3572=CARTESIAN_POINT('',(123.93381357682,-27.6654460444537,9.25));
#3573=CARTESIAN_POINT('Origin',(115.4274827406,-29.31961936675,9.25));
#3574=CARTESIAN_POINT('',(123.93381357682,-27.6654460444537,4.6));
#3575=CARTESIAN_POINT('',(123.93381357682,-27.6654460444537,627.993134751962));
#3576=CARTESIAN_POINT('Origin',(115.4274827406,-29.31961936675,4.6));
#3577=CARTESIAN_POINT('Origin',(54.9430188377927,-20.654,1.6));
#3578=CARTESIAN_POINT('',(54.6584564776725,-20.6558340988344,1.6));
#3579=CARTESIAN_POINT('Origin',(54.932694674871,-29.31705204031,1.6));
#3580=CARTESIAN_POINT('',(46.2671930000003,-29.2856905774419,1.6));
#3581=CARTESIAN_POINT('',(46.4259855312847,-27.6654460446299,4.6));
#3582=CARTESIAN_POINT('Origin',(54.932694674871,-29.31705204031,4.6));
#3583=CARTESIAN_POINT('',(46.4259855312847,-27.6654460446299,9.25));
#3584=CARTESIAN_POINT('',(46.4259855312847,-27.6654460446299,627.998399085765));
#3585=CARTESIAN_POINT('',(53.3487266760867,-20.7974893638947,9.25));
#3586=CARTESIAN_POINT('Origin',(54.932694674871,-29.31705204031,9.25));
#3587=CARTESIAN_POINT('',(53.3487266760867,-20.7974893638947,8.25));
#3588=CARTESIAN_POINT('',(53.3487266760867,-20.7974893638947,8.25));
#3589=CARTESIAN_POINT('',(53.3487266761023,-20.7974893638918,4.6));
#3590=CARTESIAN_POINT('',(53.3487266760867,-20.7974893638947,7.85000000000004));
#3591=CARTESIAN_POINT('Origin',(54.932694674871,-29.31705204031,4.6));
#3592=CARTESIAN_POINT('Origin',(115.42499503748,-87.56360548301,1.6));
#3593=CARTESIAN_POINT('',(115.699493055047,-96.2249693913866,1.6));
#3594=CARTESIAN_POINT('Origin',(115.414850444693,-96.226807,1.6));
#3595=CARTESIAN_POINT('',(115.414850444693,-96.226807,1.6));
#3596=CARTESIAN_POINT('Origin',(54.8964150020216,-96.226807,1.6));
#3597=CARTESIAN_POINT('',(54.8964150020216,-96.226807,1.6));
#3598=CARTESIAN_POINT('Origin',(54.934849486627,-87.55915531219,1.6));
#3599=CARTESIAN_POINT('',(46.267193,-87.5218187264423,1.6));
#3600=CARTESIAN_POINT('Origin',(46.2671930000003,-29.2856905774419,1.6));
#3601=CARTESIAN_POINT('Origin',(115.42499503748,-87.56360548301,0.600000000000001));
#3602=CARTESIAN_POINT('Origin',(46.3487266761068,-35.3327233949324,6.225));
#3603=CARTESIAN_POINT('',(46.3487266761068,-43.0000007452348,9.25));
#3604=CARTESIAN_POINT('',(46.3487266761068,-43.0000007452348,5.4125));
#3605=CARTESIAN_POINT('',(46.3487266761068,-27.6654460446301,9.25));
#3606=CARTESIAN_POINT('',(46.3487266761068,-27.6654460446301,9.25));
#3607=CARTESIAN_POINT('',(46.3487266761068,-27.6654460446301,4.6));
#3608=CARTESIAN_POINT('',(46.3487266761068,-27.6654460446301,7.0375));
#3609=CARTESIAN_POINT('',(46.3487266761068,-31.4990847196929,4.6));
#3610=CARTESIAN_POINT('Origin',(124.09323096228,-43.0000007450581,4.6));
#3611=CARTESIAN_POINT('',(124.09323096228,-43.0000007450581,4.6));
#3612=CARTESIAN_POINT('',(124.093230962315,-43.0000007450581,9.25));
#3613=CARTESIAN_POINT('',(124.09323096228,-43.0000007450581,4.6));
#3614=CARTESIAN_POINT('',(124.093230962245,-27.6654460444534,4.6));
#3615=CARTESIAN_POINT('',(124.093230962245,-27.6654460444534,4.6));
#3616=CARTESIAN_POINT('',(124.093230962245,-27.6654460444534,9.25));
#3617=CARTESIAN_POINT('',(124.093230962245,-27.6654460444534,7.85));
#3618=CARTESIAN_POINT('',(124.093230962315,-43.0000007450581,9.25));
#3619=CARTESIAN_POINT('Origin',(124.093230962245,-27.6654460444534,4.6));
#3620=CARTESIAN_POINT('',(124.093230962245,-27.6654460444534,4.6));
#3621=CARTESIAN_POINT('Origin',(117.093230962315,-43.0000007450581,4.6));
#3622=CARTESIAN_POINT('Origin',(124.093230962245,-27.6654460444534,4.6));
#3623=CARTESIAN_POINT('',(124.093230962245,-27.6654460444534,4.6));
#3624=CARTESIAN_POINT('Origin',(124.093230962245,-27.6654460444534,7.85));
#3625=CARTESIAN_POINT('',(124.093230962245,-27.6654460444534,9.25));
#3626=CARTESIAN_POINT('Origin',(124.093230962245,-27.6654460444534,7.85));
#3627=CARTESIAN_POINT('',(46.4259855312847,-27.6654460446299,9.25));
#3628=CARTESIAN_POINT('Origin',(85.1788812926449,-58.4404034999996,4.6));
#3629=CARTESIAN_POINT('Origin',(53.3487266761023,-50.0000007450581,4.6));
#3630=CARTESIAN_POINT('',(53.3487266761023,-50.0000007450581,9.25));
#3631=CARTESIAN_POINT('',(53.3487266761023,-50.0000007450581,4.6));
#3632=CARTESIAN_POINT('',(117.093230962315,-50.0000007450581,9.25));
#3633=CARTESIAN_POINT('',(117.093230962315,-50.0000007450581,7.85));
#3634=CARTESIAN_POINT('',(53.3487266761023,-50.0000007450581,9.25));
#3635=CARTESIAN_POINT('Origin',(117.093230962315,-50.0000007450581,4.6));
#3636=CARTESIAN_POINT('',(117.093230962315,-50.0000007450581,4.6));
#3637=CARTESIAN_POINT('Origin',(117.093230962315,-50.0000007450581,4.6));
#3638=CARTESIAN_POINT('',(53.3487266761023,-50.0000007450581,4.6));
#3639=CARTESIAN_POINT('Origin',(117.093230962315,-43.0000007450581,525.566649603197));
#3640=CARTESIAN_POINT('Origin',(117.093230962315,-43.0000007450581,9.25));
#3641=CARTESIAN_POINT('Origin',(117.093230962315,-50.0000007450581,7.85));
#3642=CARTESIAN_POINT('',(117.093230962315,-28.0741354996238,8.25));
#3643=CARTESIAN_POINT('Origin',(53.3487266761023,-50.0000007450581,4.6));
#3644=CARTESIAN_POINT('',(53.3487266761023,-27.999084719579,8.25));
#3645=CARTESIAN_POINT('Origin',(53.3487266761023,-43.0000007450625,525.566649603908));
#3646=CARTESIAN_POINT('Origin',(53.3487266761023,-43.0000007450626,9.25));
#3647=CARTESIAN_POINT('Origin',(70.2334143893364,-45.0000007301569,8.25));
#3648=CARTESIAN_POINT('',(70.2334143893364,-49.0000007301569,9.25));
#3649=CARTESIAN_POINT('',(70.2334143893364,-49.0000007301569,8.25));
#3650=CARTESIAN_POINT('',(74.2334143893364,-45.0000007301569,9.25));
#3651=CARTESIAN_POINT('Origin',(70.2334143893364,-45.0000007301569,9.25));
#3652=CARTESIAN_POINT('',(74.2334143893364,-45.0000007301569,8.25));
#3653=CARTESIAN_POINT('Origin',(70.2334143893364,-49.0000007301569,8.25));
#3654=CARTESIAN_POINT('',(64.0000008940697,-49.0000007301569,9.25));
#3655=CARTESIAN_POINT('',(64.0000008940697,-49.0000007301569,8.25));
#3656=CARTESIAN_POINT('',(70.2334143893364,-49.0000007301569,9.25));
#3657=CARTESIAN_POINT('Origin',(60.0000008940697,-45.0000007301569,8.25));
#3658=CARTESIAN_POINT('',(60.0000008940697,-45.0000007301569,4.6));
#3659=CARTESIAN_POINT('',(60.0000008940814,-42.7148096151799,4.6));
#3660=CARTESIAN_POINT('',(60.0000008940697,-45.0000007301569,9.25));
#3661=CARTESIAN_POINT('',(60.0000008940697,-45.0000007301569,9.25));
#3662=CARTESIAN_POINT('',(60.0000008940697,-45.0000007301569,8.25));
#3663=CARTESIAN_POINT('Origin',(64.0000008941632,-31.8592362704393,8.25));
#3664=CARTESIAN_POINT('',(70.2334143893371,-31.8592362703217,9.25));
#3665=CARTESIAN_POINT('',(70.2334143893371,-31.8592362703217,8.25));
#3666=CARTESIAN_POINT('',(64.0000008941632,-31.8592362704393,9.25));
#3667=CARTESIAN_POINT('Origin',(70.2334143893277,-35.8592362703264,8.25));
#3668=CARTESIAN_POINT('',(74.2334143893324,-35.85923627038,9.25));
#3669=CARTESIAN_POINT('',(74.2334143893324,-35.85923627038,8.25));
#3670=CARTESIAN_POINT('Origin',(70.2334143893277,-35.8592362703264,9.25));
#3671=CARTESIAN_POINT('Origin',(74.2334143893324,-35.85923627038,8.25));
#3672=CARTESIAN_POINT('',(74.2334143893324,-35.85923627038,9.25));
#3673=CARTESIAN_POINT('Origin',(67.116707641703,-40.4296185002393,4.6));
#3674=CARTESIAN_POINT('Origin',(64.0000008940697,-45.0000007301569,4.6));
#3675=CARTESIAN_POINT('Origin',(85.220978819211,-35.3327233947376,9.25));
#3676=CARTESIAN_POINT('',(53.3487266761062,-20.6654460444204,9.25));
#3677=CARTESIAN_POINT('',(117.0932309623,-20.81554760451,9.25));
#3678=CARTESIAN_POINT('',(74.0000011026859,-28.0000004321337,9.25));
#3679=CARTESIAN_POINT('',(74.0000011026859,-31.1663618910839,9.25));
#3680=CARTESIAN_POINT('',(73.0000011026859,-29.0000004321337,9.25));
#3681=CARTESIAN_POINT('Origin',(73.0000011026859,-28.0000004321337,9.25));
#3682=CARTESIAN_POINT('',(62.0000009089708,-29.0000004321337,9.25));
#3683=CARTESIAN_POINT('',(79.1104899609485,-29.0000004321337,9.25));
#3684=CARTESIAN_POINT('Origin',(62.0000009089708,-28.0000004321337,9.25));
#3685=CARTESIAN_POINT('Origin',(64.0000008940697,-45.0000007301569,9.25));
#3686=CARTESIAN_POINT('Origin',(53.3487266761062,-20.6654460444204,8.25));
#3687=CARTESIAN_POINT('Origin',(117.0932309623,-20.81554760451,8.25));
#3688=CARTESIAN_POINT('Origin',(64.0000008940697,-45.0000007301569,8.25));
#3689=CARTESIAN_POINT('Origin',(73.0000011026859,-28.0000004321337,9.25));
#3690=CARTESIAN_POINT('',(73.0000011026859,-29.0000004321337,9.25));
#3691=CARTESIAN_POINT('',(74.0000011026859,-28.0000004321337,9.25));
#3692=CARTESIAN_POINT('Origin',(73.0000011026859,-29.0000004321337,9.25));
#3693=CARTESIAN_POINT('',(62.0000009089708,-29.0000004321337,9.25));
#3694=CARTESIAN_POINT('Origin',(62.0000009089708,-28.0000004321337,9.25));
#3695=CARTESIAN_POINT('Origin',(74.0000011026859,-27.0000003874302,9.25));
#3696=UNCERTAINTY_MEASURE_WITH_UNIT(LENGTH_MEASURE(0.01),#3700,
'DISTANCE_ACCURACY_VALUE',
'Maximum model space distance between geometric entities at asserted c
onnectivities');
#3697=UNCERTAINTY_MEASURE_WITH_UNIT(LENGTH_MEASURE(0.01),#3700,
'DISTANCE_ACCURACY_VALUE',
'Maximum model space distance between geometric entities at asserted c
onnectivities');
#3698=(
GEOMETRIC_REPRESENTATION_CONTEXT(3)
GLOBAL_UNCERTAINTY_ASSIGNED_CONTEXT((#3696))
GLOBAL_UNIT_ASSIGNED_CONTEXT((#3700,#3702,#3703))
REPRESENTATION_CONTEXT('','3D')
);
#3699=(
GEOMETRIC_REPRESENTATION_CONTEXT(3)
GLOBAL_UNCERTAINTY_ASSIGNED_CONTEXT((#3697))
GLOBAL_UNIT_ASSIGNED_CONTEXT((#3700,#3702,#3703))
REPRESENTATION_CONTEXT('','3D')
);
#3700=(
LENGTH_UNIT()
NAMED_UNIT(*)
SI_UNIT(.MILLI.,.METRE.)
);
#3701=(
LENGTH_UNIT()
NAMED_UNIT(*)
SI_UNIT($,.METRE.)
);
#3702=(
NAMED_UNIT(*)
PLANE_ANGLE_UNIT()
SI_UNIT($,.RADIAN.)
);
#3703=(
NAMED_UNIT(*)
SI_UNIT($,.STERADIAN.)
SOLID_ANGLE_UNIT()
);
#3704=SHAPE_DEFINITION_REPRESENTATION(#3705,#3706);
#3705=PRODUCT_DEFINITION_SHAPE('',$,#3708);
#3706=SHAPE_REPRESENTATION('',(#2201),#3698);
#3707=PRODUCT_DEFINITION_CONTEXT('part definition',#3712,'design');
#3708=PRODUCT_DEFINITION('FusionComponent','FusionComponent',#3709,#3707);
#3709=PRODUCT_DEFINITION_FORMATION('',$,#3714);
#3710=PRODUCT_RELATED_PRODUCT_CATEGORY('FusionComponent',
'FusionComponent',(#3714));
#3711=APPLICATION_PROTOCOL_DEFINITION('international standard',
'automotive_design',2009,#3712);
#3712=APPLICATION_CONTEXT(
'Core Data for Automotive Mechanical Design Process');
#3713=PRODUCT_CONTEXT('part definition',#3712,'mechanical');
#3714=PRODUCT('FusionComponent','FusionComponent',$,(#3713));
#3715=PRESENTATION_STYLE_ASSIGNMENT((#3716));
#3716=SURFACE_STYLE_USAGE(.BOTH.,#3717);
#3717=SURFACE_SIDE_STYLE('',(#3718));
#3718=SURFACE_STYLE_FILL_AREA(#3719);
#3719=FILL_AREA_STYLE('Steel - Satin',(#3720));
#3720=FILL_AREA_STYLE_COLOUR('Steel - Satin',#3721);
#3721=COLOUR_RGB('Steel - Satin',0.627450980392157,0.627450980392157,0.627450980392157);
ENDSEC;
END-ISO-10303-21;
